"PersonID","Birthyear","Mongolian","Chinese","Profile","role"
"AS012660",1996,1,1,"B","gen2"
"AS012660a",1944,1,3,"M","gen1"
"AS012660b",1968,1,2,"B","gen1"
"AS012660c",1972,1,2,"B","gen1"
"AS012661",1974,1,1,"B","gen2"
"AS012661a",1941,1,3,"M","gen1"
"AS012661b",1949,1,3,"M","gen1"
"AS012662",1982,1,1,"B","gen2"
"AS012662a",1951,1,1,"B","gen1"
"AS012662b",1951,1,1,"B","gen1"
"AS012864",1984,3,1,"C","gen2"
"AS012864a",1952,3,1,"C","gen1"
"AS012864b",1951,1,2,"B","gen1"
"AS012865",1986,1,1,"B","gen2"
"AS012866",1970,1,2,"B","gen2"
"AS012866a",1934,1,3,"M","gen1"
"AS012866b",1940,1,3,"M","gen1"
"AS012868",1936,1,3,"M","gen2"
"AS012868a",1910,1,4,"M","gen1"
"AS012868b",1880,1,4,"M","gen1"
"BN021501",1985,1,1,"B","gen2"
"BN021501a",1967,1,2,"B","gen1"
"BN021501b",1968,1,1,"B","gen1"
"BN021502",1981,1,1,"B","gen2"
"BN021502a",1955,1,1,"B","gen1"
"BN021502b",1953,1,3,"M","gen1"
"BN021503",1967,1,2,"B","gen2"
"BN021503a",1939,1,1,"B","gen1"
"BN021503b",1946,1,2,"B","gen1"
"BN021504",1968,1,1,"B","gen2"
"BN021504a",1941,1,1,"B","gen1"
"BN021504b",1942,1,2,"B","gen1"
"BN021505",1971,1,2,"B","gen2"
"BN021505a",1957,1,2,"B","gen1"
"BN021506",1979,1,1,"B","gen2"
"BN021506a",1957,1,2,"B","gen1"
"BN021506b",1955,1,1,"B","gen1"
"BN021507",1976,1,2,"B","gen2"
"BN021507a",1953,1,2,"B","gen1"
"BN021507b",1955,1,2,"B","gen1"
"BN021508",1966,1,2,"B","gen2"
"BN021508a",1935,1,1,"B","gen1"
"BN021508b",1940,1,2,"B","gen1"
"BN021509",1977,1,1,"B","gen2"
"BN021509a",1954,1,3,"M","gen1"
"BN021509b",1950,1,3,"M","gen1"
"BN021509c",1975,1,1,"B","gen1"
"BN021509d",1960,1,1,"B","gen1"
"BN021510",1981,1,2,"B","gen2"
"BN021510a",1955,1,4,"M","gen1"
"BN021510b",1957,1,4,"M","gen1"
"BN021511",1974,1,2,"B","gen2"
"BN021512",1978,1,2,"B","gen2"
"BN021512a",1948,1,2,"B","gen1"
"BN021512b",1948,1,3,"M","gen1"
"BN021512c",1927,1,4,"M","gen1"
"BN021513",1978,1,2,"B","gen2"
"BN021513a",1944,1,4,"M","gen1"
"BN021514",1980,1,2,"B","gen2"
"BN021514a",1956,1,1,"B","gen1"
"BN021514b",1957,1,2,"B","gen1"
"BN021515",1979,1,2,"B","gen2"
"BN021515a",1935,1,2,"B","gen1"
"BN021516",1982,1,2,"B","gen2"
"BN021516a",1954,1,2,"B","gen1"
"BN021517",1975,1,3,"M","gen2"
"BN021517a",1952,1,1,"B","gen1"
"BN021517b",1951,1,1,"B","gen1"
"BN021518",1979,1,2,"B","gen2"
"BN021518a",1950,1,2,"B","gen1"
"BN021518b",1955,1,2,"B","gen1"
"BN021519",1984,1,1,"B","gen2"
"BN021519a",1955,1,1,"B","gen1"
"BN021519b",1955,1,1,"B","gen1"
"BN021519c",1982,1,1,"B","gen1"
"BN021519d",1980,1,1,"B","gen1"
"BN021520",1972,1,2,"B","gen2"
"BN021520a",1949,1,2,"B","gen1"
"BN021520b",1949,1,2,"B","gen1"
"BN021521",1974,1,1,"B","gen2"
"BN021521a",1952,1,3,"M","gen1"
"BN021521b",1948,1,1,"B","gen1"
"BN021522",1972,1,1,"B","gen2"
"BN021522a",1937,1,1,"B","gen1"
"BN021522b",1937,1,1,"B","gen1"
"BN021523",1998,2,1,"B","gen2"
"BN021523a",1972,1,2,"B","gen1"
"BN021523b",1971,1,2,"B","gen1"
"BN021524",1968,1,1,"B","gen2"
"BN021524a",1946,1,1,"B","gen1"
"BN021524b",1945,1,1,"B","gen1"
"BN021525",1972,1,2,"B","gen2"
"BN021525a",1942,1,3,"M","gen1"
"BN021525b",1940,1,3,"M","gen1"
"BN021526",1973,1,2,"B","gen2"
"BN021526a",1942,1,1,"B","gen1"
"BN021526b",1953,1,2,"B","gen1"
"BN021527",1984,1,1,"B","gen2"
"BN021527a",1963,1,1,"B","gen1"
"BN021527b",1968,2,1,"B","gen1"
"BN021528",1979,1,1,"B","gen2"
"BN021528a",1950,1,3,"M","gen1"
"BN021529",1999,2,1,"B","gen2"
"BN021529a",1972,1,1,"B","gen1"
"BN021529b",1974,1,1,"B","gen1"
"BN021530",1973,1,1,"B","gen2"
"BN021530a",1950,1,4,"M","gen1"
"BN021530b",1951,1,4,"M","gen1"
"BN021531",1968,1,1,"B","gen2"
"BN021531a",1939,1,1,"B","gen1"
"BN021531b",1945,1,1,"B","gen1"
"BN021532",1974,1,1,"B","gen2"
"BN021532a",1932,1,1,"B","gen1"
"BN021532b",1938,1,1,"B","gen1"
"BN021533",1981,1,2,"B","gen2"
"BN021533a",1955,1,2,"B","gen1"
"BN021533b",1956,1,3,"M","gen1"
"BN021533c",1939,1,3,"M","gen1"
"BN021534",1980,1,2,"B","gen2"
"BN021534a",1948,1,2,"B","gen1"
"BN021535",1981,1,2,"B","gen2"
"BN021535a",1956,1,2,"B","gen1"
"BN021535b",1957,1,2,"B","gen1"
"BN021535c",1928,1,4,"M","gen1"
"BN021536",1976,1,2,"B","gen2"
"BN021536a",1948,1,3,"M","gen1"
"BN021536b",1953,1,3,"M","gen1"
"BN021537",1974,1,1,"B","gen2"
"BN021537a",1953,1,4,"M","gen1"
"BN021537b",1949,1,4,"M","gen1"
"BN021538",1975,1,1,"B","gen2"
"BN021538a",1942,1,1,"B","gen1"
"HB030201",1985,1,1,"B","gen2"
"HB030201a",1958,1,2,"B","gen1"
"HB030201b",1960,1,2,"B","gen1"
"HB030202",1984,1,1,"B","gen2"
"HB030202a",1946,1,2,"B","gen1"
"HB030203",1953,1,3,"M","gen2"
"HB030203a",1933,1,4,"M","gen1"
"HB030203b",1942,1,4,"M","gen1"
"HB030204",1979,1,1,"B","gen2"
"HB030204a",1953,1,3,"M","gen1"
"HB030205",1978,1,3,"M","gen2"
"HB030205c",1971,1,3,"M","gen1"
"HB030206",1984,1,2,"B","gen2"
"HB030206a",1953,1,3,"M","gen1"
"HB030206b",1956,1,4,"M","gen1"
"HB030207",1984,1,1,"B","gen2"
"HB030207a",1957,1,3,"M","gen1"
"HB030207b",1959,1,3,"M","gen1"
"HB030208",1985,1,1,"B","gen2"
"HB030208a",1957,1,2,"B","gen1"
"HB030208b",1960,1,2,"B","gen1"
"HB030209",1976,1,2,"B","gen2"
"HB030209a",1922,1,3,"M","gen1"
"HB030209b",1931,1,3,"M","gen1"
"HB030210",1983,1,1,"B","gen2"
"HB030210a",1961,1,1,"B","gen1"
"HB030210b",1963,1,1,"B","gen1"
"HB030311",1953,1,3,"M","gen2"
"HB030311a",1915,1,3,"M","gen1"
"HB030312",1967,1,3,"M","gen2"
"HB030312a",1933,1,4,"M","gen1"
"HB030312b",1958,1,3,"M","gen1"
"HB030313",1948,1,3,"M","gen2"
"HB030313a",1900,1,4,"M","gen1"
"HB030314",1975,1,2,"B","gen2"
"HB030314a",1952,1,2,"B","gen1"
"HB030314b",1954,1,2,"B","gen1"
"HB030314c",1926,1,1,"B","gen1"
"HB030314d",1933,1,1,"B","gen1"
"HB030315",1977,1,1,"B","gen2"
"HB030315a",1950,1,1,"B","gen1"
"HB030315b",1950,1,1,"B","gen1"
"HB030316",1970,1,1,"B","gen2"
"HB030316a",1932,1,2,"B","gen1"
"HB030316b",1936,1,1,"B","gen1"
"HB030317",1973,1,3,"M","gen2"
"HB030317a",1945,1,3,"M","gen1"
"HB030317b",1943,1,3,"M","gen1"
"HB030317c",1963,1,1,"B","gen1"
"HB030317d",1968,1,1,"B","gen1"
"HB030318",1976,1,2,"B","gen2"
"HB030318a",1935,1,3,"M","gen1"
"HB030318b",1943,1,3,"M","gen1"
"HB030318c",1968,1,2,"B","gen1"
"HB030318d",1973,1,2,"B","gen1"
"HB030319",1974,1,1,"B","gen2"
"HB030319a",1943,1,1,"B","gen1"
"HB030319b",1949,1,2,"B","gen1"
"HB030320",1971,1,1,"B","gen2"
"HB030320a",1932,1,1,"B","gen1"
"HB030320b",1936,1,1,"B","gen1"
"HB030321",1975,1,1,"B","gen2"
"HB030321a",1947,1,2,"B","gen1"
"HB030321b",1952,1,3,"M","gen1"
"HB030322",1971,1,1,"B","gen2"
"HB030322a",1923,1,1,"B","gen1"
"HB030322b",1933,1,2,"B","gen1"
"HB030323",1980,1,1,"B","gen2"
"HB030323a",1922,1,2,"B","gen1"
"HB030323b",1953,1,1,"B","gen1"
"HB030323c",1953,1,1,"B","gen1"
"HB030324",1955,1,1,"B","gen2"
"HB030324a",1931,1,1,"B","gen1"
"HB030324b",1933,1,2,"B","gen1"
"HB030325",1963,1,1,"B","gen2"
"HB030325a",1938,1,1,"B","gen1"
"HB030325b",1942,1,4,"M","gen1"
"HB030326",1975,1,3,"M","gen2"
"HB030326a",1935,1,2,"B","gen1"
"HB030326b",1938,1,4,"M","gen1"
"HB030327",1969,2,2,"B","gen2"
"HB030327a",1929,2,1,"B","gen1"
"HB030327b",1935,2,1,"B","gen1"
"HB030328",1967,1,2,"B","gen2"
"HB030328a",1936,1,4,"M","gen1"
"HB030328b",1938,1,4,"M","gen1"
"HB030329",1972,1,2,"B","gen2"
"HB030329a",1937,1,2,"B","gen1"
"HB030329b",1938,1,4,"M","gen1"
"HB030330",1971,1,2,"B","gen2"
"HB030330a",1933,1,2,"B","gen1"
"HB030330b",1935,1,2,"B","gen1"
"HB030331",1993,1,2,"B","gen2"
"HB030331a",1976,1,2,"B","gen1"
"HB030332",1981,2,1,"B","gen2"
"HB030332a",1953,2,1,"B","gen1"
"HB030332b",1953,2,1,"B","gen1"
"KQ011051",1990,1,1,"B","gen2"
"KQ011051a",1962,1,2,"B","gen1"
"KQ011051b",1962,1,2,"B","gen1"
"KQ011331",1992,1,1,"B","gen2"
"KQ011331a",1969,1,1,"B","gen1"
"KQ011331b",1968,1,1,"B","gen1"
"KQ011331c",1943,1,2,"B","gen1"
"KQ011432",1976,1,1,"B","gen2"
"KQ011432a",1951,1,2,"B","gen1"
"KQ011432b",1951,1,2,"B","gen1"
"KQ011461",1987,1,1,"B","gen2"
"KQ011461a",1962,1,2,"B","gen1"
"KQ011461b",1963,1,1,"B","gen1"
"KQ011511",1990,1,2,"B","gen2"
"KQ011511a",1965,1,2,"B","gen1"
"KQ011511b",1965,1,3,"M","gen1"
"KQ011511c",1970,1,1,"B","gen1"
"KQ011511d",1968,1,3,"M","gen1"
"KQ011512",1964,1,1,"B","gen2"
"KQ011512a",1910,1,1,"B","gen1"
"KQ011512b",1920,1,3,"M","gen1"
"KQ011512c",1914,1,2,"B","gen1"
"KQ011552",1962,1,2,"B","gen2"
"KQ011552a",1937,1,2,"B","gen1"
"KQ011552b",1938,1,4,"M","gen1"
"KQ011562",1965,1,2,"B","gen2"
"KQ011562a",1942,1,4,"M","gen1"
"KQ011562b",1944,1,4,"M","gen1"
"KQ011581",1992,1,1,"B","gen2"
"KQ011581a",1969,3,1,"C","gen1"
"KQ011581b",1965,3,1,"C","gen1"
"KQ011582",1970,1,1,"B","gen2"
"KQ011582a",1946,2,1,"B","gen1"
"KQ011582b",1947,2,1,"B","gen1"
"KQ011601",1992,1,1,"B","gen2"
"KQ011601a",1966,1,2,"B","gen1"
"KQ011601b",1967,1,2,"B","gen1"
"KQ011602",1971,1,3,"M","gen2"
"KQ011602a",1914,1,4,"M","gen1"
"KQ011602b",1948,1,4,"M","gen1"
"KQ011602c",1954,1,4,"M","gen1"
"KQ011621",1967,1,2,"B","gen2"
"KQ011621a",1940,1,1,"B","gen1"
"KQ011621b",1944,1,4,"M","gen1"
"KQ011622",1990,1,1,"B","gen2"
"KQ011622a",1964,1,2,"B","gen1"
"KQ011622b",1965,1,2,"B","gen1"
"KQ012050",1990,1,1,"B","gen2"
"KQ012050a",1962,1,1,"B","gen1"
"KQ012050b",1964,1,1,"B","gen1"
"KQ012141",1988,1,1,"B","gen2"
"KQ012141a",1960,1,2,"B","gen1"
"KQ012141b",1963,1,2,"B","gen1"
"KQ012141c",1986,1,1,"B","gen1"
"KQ012142",1985,1,1,"B","gen2"
"KQ012142a",1953,1,1,"B","gen1"
"KQ012142b",1953,1,3,"M","gen1"
"KQ012142c",1907,1,1,"B","gen1"
"KQ012142d",1915,1,3,"M","gen1"
"KQ012241",1968,1,1,"B","gen2"
"KQ012551",1990,1,1,"B","gen2"
"KQ012551a",1962,1,2,"B","gen1"
"KQ012551b",1960,1,2,"B","gen1"
"KQ012952",1989,3,1,"C","gen2"
"KQ012952a",1964,1,1,"B","gen1"
"KQ012952b",1965,2,1,"B","gen1"
"KQ013141",1992,1,1,"B","gen2"
"KQ013141a",1962,1,1,"B","gen1"
"KQ013141b",1962,1,1,"B","gen1"
"KQ013141c",1934,1,4,"M","gen1"
"KQ013142",1992,2,1,"B","gen2"
"KQ013142a",1937,1,2,"B","gen1"
"KQ013142b",1967,1,1,"B","gen1"
"KQ020153",1991,1,1,"B","gen2"
"KQ020153a",1968,3,1,"C","gen1"
"KQ020153b",1966,3,1,"C","gen1"
"KQ020354",1991,1,1,"B","gen2"
"KQ020354a",1970,4,1,"C","gen1"
"KQ020354b",1969,4,1,"C","gen1"
"KQ020555",1983,1,1,"B","gen2"
"KQ020555a",1953,1,2,"B","gen1"
"KQ020555b",1955,1,2,"B","gen1"
"KQ021156",1973,2,1,"B","gen2"
"KQ021156a",1948,4,1,"C","gen1"
"KQ021156b",1948,4,1,"C","gen1"
"KQ021257",1960,1,1,"B","gen2"
"KQ021257a",1936,1,3,"M","gen1"
"KQ021257b",1933,1,4,"M","gen1"
"KQ022358",1972,1,2,"B","gen2"
"KQ022358a",1912,1,4,"M","gen1"
"KQ022358b",1914,1,4,"M","gen1"
"KQ022641",1992,1,1,"B","gen2"
"KQ022641a",1962,1,1,"B","gen1"
"KQ022641b",1965,1,1,"B","gen1"
"KQ022661",1988,1,1,"B","gen2"
"KQ022661a",1964,1,2,"B","gen1"
"KQ022661b",1962,1,2,"B","gen1"
"KQ030159",1970,1,2,"B","gen2"
"KQ030159a",1950,1,3,"M","gen1"
"KQ030159b",1948,1,4,"M","gen1"
"KQ030161",1990,1,1,"B","gen2"
"KQ030161a",1963,1,4,"M","gen1"
"KQ030161b",1964,1,1,"B","gen1"
"KQ030161c",1985,1,1,"B","gen1"
"KQ030241",1970,1,1,"B","gen2"
"KQ030242",1966,1,2,"B","gen2"
"KQ030243",1963,1,1,"B","gen2"
"KQ030244",1961,1,1,"B","gen2"
"KQ030245",1958,1,1,"B","gen2"
"KQ030246",1956,1,2,"B","gen2"
"KQ030247",1953,1,2,"B","gen2"
"KQ030247a",1927,1,1,"B","gen1"
"KQ030247b",1936,1,3,"M","gen1"
"KQ030248",1979,1,1,"B","gen2"
"KQ030248b",1954,1,2,"B","gen1"
"KQ030248c",1936,1,3,"M","gen1"
"KQ030262",1992,1,1,"B","gen2"
"KQ030262a",1959,1,1,"B","gen1"
"KQ030262b",1965,1,2,"B","gen1"
"KQ030262c",1986,1,1,"B","gen1"
"KQ030280",2007,2,2,"B","gen2"
"KQ030281",1980,1,2,"B","gen2"
"KQ030282",1983,1,2,"B","gen2"
"KQ030282a",1956,1,2,"B","gen1"
"KQ030282b",1959,1,2,"B","gen1"
"KQ030341",1989,1,1,"B","gen2"
"KQ030341a",1962,1,1,"B","gen1"
"KQ030342",1991,1,1,"B","gen2"
"KQ030342b",1957,1,1,"B","gen1"
"KQ030342c",1936,1,3,"M","gen1"
"KQ030380",1992,1,1,"B","gen2"
"KQ030380a",1964,1,2,"B","gen1"
"KQ030380b",1965,1,2,"B","gen1"
"KQ030381",1993,1,1,"B","gen2"
"KQ030381a",1967,1,2,"B","gen1"
"KQ030381b",1970,1,2,"B","gen1"
"KQ030381c",1943,1,2,"B","gen1"
"KQ030381d",1940,1,2,"B","gen1"
"KQ030382",1993,1,1,"B","gen2"
"KQ030382a",1966,1,2,"B","gen1"
"KQ030382b",1962,1,2,"B","gen1"
"KQ030382c",1949,1,2,"B","gen1"
"KQ030382d",1948,1,2,"B","gen1"
"KQ030480",1971,1,2,"B","gen2"
"KQ030480a",1944,1,3,"M","gen1"
"KQ030480b",1947,1,3,"M","gen1"
"KQ030481",1971,1,2,"B","gen2"
"KQ030482",1994,1,2,"B","gen2"
"KQ030483",2002,1,2,"B","gen2"
"KQ030563",1976,1,1,"B","gen2"
"KQ030563a",1953,1,1,"B","gen1"
"KQ030563b",1957,1,2,"B","gen1"
"KQ030680",1993,1,1,"B","gen2"
"KQ030681",1970,1,1,"B","gen2"
"KQ030681a",1940,1,2,"B","gen1"
"KQ030681b",1940,1,2,"B","gen1"
"KQ030682",1970,1,1,"B","gen2"
"KQ030682a",1937,1,2,"B","gen1"
"KQ030682b",1937,1,3,"M","gen1"
"KQ030764",1991,1,1,"B","gen2"
"KQ030764a",1959,1,2,"B","gen1"
"KQ030764b",1961,1,2,"B","gen1"
"KQ030765",1991,1,1,"B","gen2"
"KQ030765a",1947,1,1,"B","gen1"
"KQ030765b",1947,1,1,"B","gen1"
"KQ030765c",1968,1,2,"B","gen1"
"KQ030765d",1968,1,2,"B","gen1"
"KQ030780",1993,1,1,"B","gen2"
"KQ030780a",1963,1,1,"B","gen1"
"KQ030780b",1961,1,3,"M","gen1"
"KQ030781",1993,1,1,"B","gen2"
"KQ030781a",1966,1,1,"B","gen1"
"KQ030781b",1964,1,2,"B","gen1"
"KQ030782",1991,1,1,"B","gen2"
"KQ030782a",1966,1,1,"B","gen1"
"KQ030782b",1966,1,2,"B","gen1"
"KQ030783",1991,1,1,"B","gen2"
"KQ030783a",1964,1,1,"B","gen1"
"KQ030783b",1963,1,2,"B","gen1"
"KQ030860",1992,1,1,"B","gen2"
"KQ030860a",1962,1,1,"B","gen1"
"KQ030860b",1965,1,1,"B","gen1"
"KQ030961",1982,1,1,"B","gen2"
"KQ030961a",1955,1,1,"B","gen1"
"KQ030961b",1954,1,1,"B","gen1"
"KQ031062",1990,1,1,"B","gen2"
"KQ031062a",1962,1,1,"B","gen1"
"KQ031062b",1960,1,1,"B","gen1"
"KQ031141",1991,1,1,"B","gen2"
"KQ031141a",1967,1,2,"B","gen1"
"KQ031141b",1967,1,2,"B","gen1"
"KQ031341",1962,1,2,"B","gen2"
"KQ031342",1959,1,2,"B","gen2"
"KQ031343",1952,1,3,"M","gen2"
"KQ031343a",1920,1,1,"B","gen1"
"KQ031343b",1926,1,3,"M","gen1"
"KQ032763",1922,1,3,"M","gen2"
"KQ032763a",1903,1,4,"M","gen1"
"KQ032763b",1901,1,4,"M","gen1"
"KQ032764",1937,1,1,"B","gen2"
"KQ032764a",1918,1,4,"M","gen1"
"KQ032764b",1916,1,4,"M","gen1"
"KQ042850",1973,3,1,"C","gen2"
"KQ042850a",1941,1,1,"B","gen1"
"KQ042850b",1941,4,1,"C","gen1"
"KQ043030",1978,1,1,"B","gen2"
"KQ043030a",1928,1,4,"M","gen1"
"KQ043030b",1946,1,1,"B","gen1"
"KQ043030c",1955,1,2,"B","gen1"
"KQ051141",1993,4,1,"C","gen2"
"KQ051141a",1966,3,1,"C","gen1"
"KQ051141b",1967,4,1,"C","gen1"
"KQ051142",1987,4,1,"C","gen2"
"KQ051142a",1955,4,1,"C","gen1"
"KQ051142b",1955,4,1,"C","gen1"
"KQ051241",1987,4,1,"C","gen2"
"KQ051241a",1963,4,1,"C","gen1"
"KQ051241b",1962,4,1,"C","gen1"
"KQ051241c",1933,2,1,"B","gen1"
"KQ051241d",1934,4,1,"C","gen1"
"KQ052101",1971,4,1,"C","gen2"
"KQ052101a",1935,4,1,"C","gen1"
"KQ052101b",1940,4,1,"C","gen1"
"KQ052102",1959,4,1,"C","gen2"
"KQ052102a",1897,3,1,"C","gen1"
"KQ052102b",1913,4,1,"C","gen1"
"KQ052102c",1936,4,1,"C","gen1"
"KQ052102d",1934,4,1,"C","gen1"
"KQ052103",1964,4,1,"C","gen2"
"KQ052103a",1914,4,1,"C","gen1"
"KQ052103b",1914,4,1,"C","gen1"
"KQ052103c",1938,4,1,"C","gen1"
"KQ052103d",1941,4,1,"C","gen1"
"KQ052104",1958,4,1,"C","gen2"
"KQ052104a",1904,3,1,"C","gen1"
"KQ052104b",1911,3,1,"C","gen1"
"KQ052104c",1928,4,1,"C","gen1"
"KQ052104d",1930,4,1,"C","gen1"
"KQ052105",1964,4,1,"C","gen2"
"KQ052105a",1936,4,1,"C","gen1"
"KQ052105b",1936,4,1,"C","gen1"
"KQ052106",1967,4,1,"C","gen2"
"KQ052106a",1903,2,1,"B","gen1"
"KQ052106b",1923,4,1,"C","gen1"
"KQ052106c",1936,4,1,"C","gen1"
"KQ052107",1973,4,1,"C","gen2"
"KQ052107a",1911,4,1,"C","gen1"
"KQ052107b",1951,4,1,"C","gen1"
"KQ052107c",1952,4,1,"C","gen1"
"KQ052108",1937,4,1,"C","gen2"
"KQ052108a",1887,4,1,"C","gen1"
"KQ052108b",1915,4,1,"C","gen1"
"KQ052108c",1916,4,1,"C","gen1"
"KQ052109",1958,4,1,"C","gen2"
"KQ052109a",1926,4,1,"C","gen1"
"KQ052109b",1932,3,1,"C","gen1"
"KQ052110",1991,3,1,"C","gen2"
"KQ052110a",1964,3,1,"C","gen1"
"KQ052110b",1964,4,1,"C","gen1"
"KQ052518",1960,3,1,"C","gen2"
"KQ052518a",1936,1,2,"B","gen1"
"KQ052518b",1938,1,2,"B","gen1"
"KQ052616",1970,4,1,"C","gen2"
"KQ052616a",1945,1,1,"B","gen1"
"KQ052616b",1943,1,1,"B","gen1"
"KQ052616c",1918,1,3,"M","gen1"
"KQ052616d",1920,1,4,"M","gen1"
"KQ052617",1978,1,1,"B","gen2"
"KQ052617a",1949,1,1,"B","gen1"
"KQ052617b",1948,1,1,"B","gen1"
"KQ052617c",1970,1,1,"B","gen1"
"KQ052617d",1972,1,1,"B","gen1"
"KQ052844",1990,1,1,"B","gen2"
"KQ052844a",1963,1,1,"B","gen1"
"KQ052844b",1961,1,1,"B","gen1"
"KQ060201",1971,2,1,"B","gen2"
"KQ060201a",1919,1,2,"B","gen1"
"KQ060201b",1933,1,1,"B","gen1"
"KQ060201c",1936,1,1,"B","gen1"
"KQ060201d",1968,1,1,"B","gen1"
"KQ060301",1995,1,1,"B","gen2"
"KQ060301a",1963,1,1,"B","gen1"
"KQ060301b",1961,1,1,"B","gen1"
"KQ060301c",1986,1,1,"B","gen1"
"KQ060301d",1991,1,1,"B","gen1"
"KQ060302",1994,1,2,"B","gen2"
"KQ060302a",1967,1,2,"B","gen1"
"KQ060302b",1969,1,2,"B","gen1"
"KQ060303",1996,1,1,"B","gen2"
"KQ060303a",1970,1,2,"B","gen1"
"KQ060303b",1972,1,2,"B","gen1"
"KQ060305",1995,2,2,"B","gen2"
"KQ060305a",1970,2,2,"B","gen1"
"KQ060305b",1968,2,2,"B","gen1"
"KQ060306",1995,1,2,"B","gen2"
"KQ060306a",1976,1,2,"B","gen1"
"KQ060306b",1975,1,3,"M","gen1"
"KQ060306c",1945,1,3,"M","gen1"
"KQ060307",1996,1,2,"B","gen2"
"KQ060307a",1973,1,3,"M","gen1"
"KQ060307b",1970,1,3,"M","gen1"
"KQ060307c",1935,1,3,"M","gen1"
"KQ060308",1993,1,2,"B","gen2"
"KQ060308a",1971,1,4,"M","gen1"
"KQ060308b",1972,1,2,"B","gen1"
"KQ060308c",1944,1,4,"M","gen1"
"KQ060309",1995,1,5,"M","gen2"
"KQ060309a",1966,1,3,"M","gen1"
"KQ060309b",1972,1,3,"M","gen1"
"KQ060310",1994,1,2,"B","gen2"
"KQ060310a",1964,1,2,"B","gen1"
"KQ060310b",1969,1,3,"M","gen1"
"KQ060310c",1944,1,3,"M","gen1"
"KQ060310d",1992,1,2,"B","gen1"
"KQ060311",1988,3,1,"C","gen2"
"KQ060311a",1963,1,2,"B","gen1"
"KQ060311b",1962,1,2,"B","gen1"
"KQ060311c",1939,1,4,"M","gen1"
"KQ060311d",1937,1,3,"M","gen1"
"KQ060312",1995,1,2,"B","gen2"
"KQ060312a",1946,2,3,"M","gen1"
"KQ060312b",1972,1,2,"B","gen1"
"KQ060312c",1972,2,2,"B","gen1"
"KQ060312d",1975,1,2,"B","gen1"
"KQ060313",1995,1,1,"B","gen2"
"KQ060313a",1974,1,2,"B","gen1"
"KQ060313b",1972,1,2,"B","gen1"
"KQ060314",1993,1,1,"B","gen2"
"KQ060314a",1974,1,2,"B","gen1"
"KQ060314b",1973,1,2,"B","gen1"
"KQ060315",2001,4,1,"C","gen2"
"KQ060315a",1970,4,1,"C","gen1"
"KQ060315b",1970,1,1,"B","gen1"
"KQ060315c",1948,4,1,"C","gen1"
"KQ060315d",1945,1,4,"M","gen1"
"KQ060316a",1970,1,2,"B","gen1"
"KQ060316b",1970,1,3,"M","gen1"
"KQ060317",1995,1,1,"B","gen2"
"KQ060317a",1968,1,3,"M","gen1"
"KQ060317b",1967,1,3,"M","gen1"
"KQ060317c",1942,1,4,"M","gen1"
"KQ060317d",1969,1,2,"B","gen1"
"KQ060318",1992,1,1,"B","gen2"
"KQ060318a",1970,1,1,"B","gen1"
"KQ060318b",1970,1,1,"B","gen1"
"KQ060319",1994,1,1,"B","gen2"
"KQ060319a",1966,1,1,"B","gen1"
"KQ060319b",1969,1,2,"B","gen1"
"KQ060319c",1990,1,1,"B","gen1"
"KQ060319d",1976,1,1,"B","gen1"
"KQ060320",1996,1,1,"B","gen2"
"KQ060320a",1964,1,1,"B","gen1"
"KQ060320b",1967,1,2,"B","gen1"
"KQ060320c",1989,1,1,"B","gen1"
"KQ060320d",1934,1,2,"B","gen1"
"KQ060321",1996,1,1,"B","gen2"
"KQ060321a",1974,1,2,"B","gen1"
"KQ060321b",1971,1,2,"B","gen1"
"KQ060322",1986,1,1,"B","gen2"
"KQ060322a",1942,1,1,"B","gen1"
"KQ060323",1985,1,1,"B","gen2"
"KQ060323a",1937,1,3,"M","gen1"
"KQ060323b",1938,1,4,"M","gen1"
"KQ060323c",1966,1,3,"M","gen1"
"KQ060324",1995,1,1,"B","gen2"
"KQ060324a",1942,1,2,"B","gen1"
"KQ060324b",1973,1,2,"B","gen1"
"KQ060324c",1972,1,1,"B","gen1"
"KQ060324d",1945,1,2,"B","gen1"
"KQ060325",1990,1,1,"B","gen2"
"KQ060325a",1963,1,1,"B","gen1"
"KQ060325b",1963,1,1,"B","gen1"
"KQ060326",1988,1,1,"B","gen2"
"KQ060326a",1963,1,1,"B","gen1"
"KQ060326b",1962,1,1,"B","gen1"
"KQ060331",1996,1,2,"B","gen2"
"KQ060331a",1972,1,2,"B","gen1"
"KQ060331b",1971,1,1,"B","gen1"
"KQ060331c",1949,1,3,"M","gen1"
"KQ060332",1994,1,1,"B","gen2"
"KQ060332a",1971,1,2,"B","gen1"
"KQ060333",1997,1,2,"B","gen2"
"KQ060333a",1962,1,1,"B","gen1"
"KQ060333b",1960,1,2,"B","gen1"
"KQ060333c",1989,1,1,"B","gen1"
"KQ060340",1997,1,2,"B","gen2"
"KQ060340a",1943,1,4,"M","gen1"
"KQ060340b",1973,1,3,"M","gen1"
"KQ060340c",1973,1,2,"B","gen1"
"KQ060340d",1975,1,2,"B","gen1"
"KQ060350",1995,3,1,"C","gen2"
"KQ060350a",1960,4,1,"C","gen1"
"KQ060350b",1957,2,1,"B","gen1"
"KQ060351",1995,4,1,"C","gen2"
"KQ060351a",1971,4,1,"C","gen1"
"KQ060351b",1971,4,1,"C","gen1"
"KQ060352",1996,4,1,"C","gen2"
"KQ060352a",1968,3,1,"C","gen1"
"KQ060352b",1968,4,1,"C","gen1"
"KQ060352c",1990,4,1,"C","gen1"
"KQ060352d",1943,3,1,"C","gen1"
"KQ060354",1995,4,1,"C","gen2"
"KQ060354a",1971,3,1,"C","gen1"
"KQ060354b",1972,4,1,"C","gen1"
"KQ060355",1996,4,1,"C","gen2"
"KQ060355a",1967,1,1,"B","gen1"
"KQ060355b",1967,3,1,"C","gen1"
"KQ060355c",1942,1,1,"B","gen1"
"KQ060355d",1942,1,1,"B","gen1"
"KQ060356",1995,3,1,"C","gen2"
"KQ060356a",1970,1,1,"B","gen1"
"KQ060356b",1972,1,1,"B","gen1"
"KQ060357",1995,3,1,"C","gen2"
"KQ060357a",1960,3,1,"C","gen1"
"KQ060357b",1956,4,1,"C","gen1"
"KQ060357c",1934,2,1,"B","gen1"
"KQ060357d",1935,1,1,"B","gen1"
"KQ060358",1995,3,1,"C","gen2"
"KQ060358a",1966,1,1,"B","gen1"
"KQ060358b",1967,1,1,"B","gen1"
"KQ060358c",1941,1,1,"B","gen1"
"KQ060359",1996,3,1,"C","gen2"
"KQ060359a",1971,4,2,"C","gen1"
"KQ060360",1993,1,1,"B","gen2"
"KQ060360a",1973,1,1,"B","gen1"
"KQ060360b",1973,1,2,"B","gen1"
"KQ060361",1995,1,2,"B","gen2"
"KQ060361a",1969,1,3,"M","gen1"
"KQ060361b",1969,1,3,"M","gen1"
"KQ060362",1995,1,2,"B","gen2"
"KQ060362a",1972,1,2,"B","gen1"
"KQ060362b",1973,1,2,"B","gen1"
"KQ060362c",1948,1,3,"M","gen1"
"KQ060362d",1948,1,3,"M","gen1"
"KQ060363",1996,4,1,"C","gen2"
"KQ060363a",1971,4,1,"C","gen1"
"KQ060363b",1969,4,1,"C","gen1"
"KQ060363c",1940,4,1,"C","gen1"
"KQ060363d",1940,4,1,"C","gen1"
"KQ060364",1995,4,1,"C","gen2"
"KQ060364a",1969,4,1,"C","gen1"
"KQ060364b",1971,4,1,"C","gen1"
"KQ060365",1996,4,1,"C","gen2"
"KQ060365a",1958,4,1,"C","gen1"
"KQ060365b",1969,4,1,"C","gen1"
"KQ060366",1996,4,1,"C","gen2"
"KQ060366a",1968,3,1,"C","gen1"
"KQ060366b",1969,4,1,"C","gen1"
"KQ060367",1996,4,1,"C","gen2"
"KQ060367a",1929,3,1,"C","gen1"
"KQ060367b",1969,4,1,"C","gen1"
"KQ060367c",1964,3,1,"C","gen1"
"KQ060368",1994,4,1,"C","gen2"
"KQ060368a",1966,4,1,"C","gen1"
"KQ060368b",1964,4,1,"C","gen1"
"KQ060368c",1944,4,1,"C","gen1"
"KQ060369",1995,4,1,"C","gen2"
"KQ060369a",1958,3,1,"C","gen1"
"KQ060369b",1957,4,1,"C","gen1"
"KQ060369c",1933,3,1,"C","gen1"
"KQ060369d",1933,1,1,"B","gen1"
"KQ060370",1994,1,2,"B","gen2"
"KQ060370a",1968,1,2,"B","gen1"
"KQ060370b",1968,1,2,"B","gen1"
"KQ060371",1995,3,1,"C","gen2"
"KQ060371a",1965,4,1,"C","gen1"
"KQ060371b",1967,1,1,"B","gen1"
"KQ060372",1995,4,1,"C","gen2"
"KQ060372a",1969,3,1,"C","gen1"
"KQ060372b",1970,4,1,"C","gen1"
"KQ060372c",1932,1,1,"B","gen1"
"KQ060372d",1954,1,1,"B","gen1"
"KQ060373",1995,1,2,"B","gen2"
"KQ060373a",1972,1,2,"B","gen1"
"KQ060373b",1975,1,3,"M","gen1"
"KQ060373c",1947,1,3,"M","gen1"
"KQ060373d",1948,1,3,"M","gen1"
"KQ060374",1995,1,1,"B","gen2"
"KQ060374a",1970,1,2,"B","gen1"
"KQ060374b",1966,1,2,"B","gen1"
"KQ060374c",1930,1,4,"M","gen1"
"KQ060374d",1930,1,1,"B","gen1"
"KQ060375",1996,4,1,"C","gen2"
"KQ060375a",1965,3,1,"C","gen1"
"KQ060375b",1970,4,1,"C","gen1"
"KQ060375c",1948,4,1,"C","gen1"
"KQ060376",1995,1,1,"B","gen2"
"KQ060376a",1970,1,3,"M","gen1"
"KQ060376b",1970,1,5,"M","gen1"
"KQ060377",1997,2,1,"B","gen2"
"KQ060377a",1969,4,1,"C","gen1"
"KQ060377b",1946,3,1,"C","gen1"
"KQ060377c",1971,4,1,"C","gen1"
"KQ060378",1996,3,1,"C","gen2"
"KQ060378a",1967,4,1,"C","gen1"
"KQ060381",1996,1,2,"B","gen2"
"KQ060381a",1969,1,2,"B","gen1"
"KQ060381b",1968,1,3,"M","gen1"
"KQ060381c",1930,1,4,"M","gen1"
"KQ060382",1996,4,1,"C","gen2"
"KQ060382a",1973,4,1,"C","gen1"
"KQ060382b",1970,4,1,"C","gen1"
"KQ060382c",1945,4,1,"C","gen1"
"KQ060383",1995,4,1,"C","gen2"
"KQ060383a",1935,4,1,"C","gen1"
"KQ060383b",1969,3,1,"C","gen1"
"KQ060383c",1971,4,1,"C","gen1"
"KQ060383d",1934,1,1,"B","gen1"
"KQ060384",1995,1,1,"B","gen2"
"KQ060384a",1974,1,1,"B","gen1"
"KQ060384b",1974,1,1,"B","gen1"
"KQ060384c",1941,1,3,"M","gen1"
"KQ060384d",1940,1,3,"M","gen1"
"KQ060385a",1949,1,1,"B","gen1"
"KQ060385b",1949,1,1,"B","gen1"
"KQ060386",1996,1,1,"B","gen2"
"KQ060386a",1942,1,3,"M","gen1"
"KQ060386b",1945,1,2,"B","gen1"
"KQ060386c",1971,1,1,"B","gen1"
"KQ060386d",1969,1,1,"B","gen1"
"KQ060387",1995,3,1,"C","gen2"
"KQ060387a",1965,4,1,"C","gen1"
"KQ060387b",1969,4,1,"C","gen1"
"KQ060391",1996,3,1,"C","gen2"
"KQ060392",1995,1,2,"B","gen2"
"KQ060392a",1974,1,3,"M","gen1"
"KQ060392b",1975,1,3,"M","gen1"
"KQ060392c",1964,1,3,"M","gen1"
"KQ060393",1996,1,2,"B","gen2"
"KQ060393a",1962,1,2,"B","gen1"
"KQ060393b",1966,1,1,"B","gen1"
"KQ060393c",1994,1,1,"B","gen1"
"KQ060393d",1927,1,1,"B","gen1"
"KQ060394",1995,1,1,"B","gen2"
"KQ060394a",1964,1,2,"B","gen1"
"KQ060394b",1976,1,2,"B","gen1"
"KQ060396a",1964,4,1,"C","gen1"
"KQ060396b",1970,4,1,"C","gen1"
"KQ060397",1994,1,1,"B","gen2"
"KQ060397a",1969,1,1,"B","gen1"
"KQ060397b",1960,1,1,"B","gen1"
"KQ060398",1996,1,1,"B","gen2"
"KQ060398a",1971,1,1,"B","gen1"
"KQ060398b",1972,1,1,"B","gen1"
"KQ060399",1994,1,1,"B","gen2"
"KQ060399a",1969,1,2,"B","gen1"
"KQ060399b",1969,1,4,"M","gen1"
"KQ060415",1995,1,1,"B","gen2"
"KQ060415a",1967,1,2,"B","gen1"
"KQ060415b",1968,1,2,"B","gen1"
"KQ060431",1993,3,1,"C","gen2"
"KQ060431a",1963,4,1,"C","gen1"
"KQ060431b",1972,4,1,"C","gen1"
"KQ060432a",1969,3,1,"C","gen1"
"KQ060434",1996,3,1,"C","gen2"
"KQ060434a",1969,4,1,"C","gen1"
"KQ060434b",1970,4,1,"C","gen1"
"KQ060434c",1942,4,1,"C","gen1"
"KQ060434d",1945,4,1,"C","gen1"
"KQ060435",1995,4,1,"C","gen2"
"KQ060436",1993,1,2,"B","gen2"
"KQ060436a",1969,1,2,"B","gen1"
"KQ060436b",1969,1,3,"M","gen1"
"KQ060437",1993,1,2,"B","gen2"
"KQ060437a",1969,1,2,"B","gen1"
"KQ060437b",1969,1,2,"B","gen1"
"KQ060438",1994,1,1,"B","gen2"
"KQ060438a",1944,1,2,"B","gen1"
"KQ060438b",1969,1,1,"B","gen1"
"KQ060438c",1969,1,1,"B","gen1"
"KQ060439",1993,4,1,"C","gen2"
"KQ060439a",1966,4,1,"C","gen1"
"KQ060439b",1967,4,1,"C","gen1"
"KQ060439c",1931,4,1,"C","gen1"
"KQ060439d",1931,4,1,"C","gen1"
"KQ060440",1995,1,1,"B","gen2"
"KQ060440a",1971,1,2,"B","gen1"
"KQ060441",1994,1,2,"B","gen2"
"KQ060441a",1970,1,2,"B","gen1"
"KQ060441b",1969,1,2,"B","gen1"
"KQ060441c",1994,1,1,"B","gen1"
"KQ060442",1994,1,2,"B","gen2"
"KQ060442a",1944,1,3,"M","gen1"
"KQ060442b",1944,1,3,"M","gen1"
"KQ060442c",1972,1,2,"B","gen1"
"KQ060442d",1972,1,2,"B","gen1"
"KQ060443",1995,4,1,"C","gen2"
"KQ060443a",1968,4,1,"C","gen1"
"KQ060443b",1969,4,1,"C","gen1"
"KQ060443c",1944,4,1,"C","gen1"
"KQ060443d",1944,2,1,"B","gen1"
"KQ060445",1994,4,1,"C","gen2"
"KQ060445a",1964,4,1,"C","gen1"
"KQ060445b",1972,4,1,"C","gen1"
"KQ060445c",1937,4,1,"C","gen1"
"KQ060446",1995,1,2,"B","gen2"
"KQ060446a",1970,1,2,"B","gen1"
"KQ060446b",1970,1,2,"B","gen1"
"KQ060446c",1945,1,2,"B","gen1"
"KQ060447",1995,1,1,"B","gen2"
"KQ060447a",1968,1,1,"B","gen1"
"KQ060447b",1968,1,1,"B","gen1"
"KQ060447c",1943,1,1,"B","gen1"
"KQ060447d",1943,1,1,"B","gen1"
"KQ060448",1994,3,1,"C","gen2"
"KQ060448a",1931,1,1,"B","gen1"
"KQ060448b",1937,1,1,"B","gen1"
"KQ060448c",1971,1,1,"B","gen1"
"KQ060448d",1969,4,1,"C","gen1"
"KQ060449",1994,4,1,"C","gen2"
"KQ060449a",1932,4,1,"C","gen1"
"KQ060449b",1934,3,1,"C","gen1"
"KQ060449c",1969,4,1,"C","gen1"
"KQ060449d",1963,3,1,"C","gen1"
"KQ060450",1994,2,2,"B","gen2"
"KQ060450a",1967,2,2,"B","gen1"
"KQ060450b",1968,2,2,"B","gen1"
"KQ060451",1994,2,1,"B","gen2"
"KQ060451a",1970,1,1,"B","gen1"
"KQ060451b",1969,1,2,"B","gen1"
"KQ060451c",1945,1,1,"B","gen1"
"KQ060452",1995,1,1,"B","gen2"
"KQ060452a",1966,1,3,"M","gen1"
"KQ060452b",1966,1,3,"M","gen1"
"KQ060452c",1991,1,1,"B","gen1"
"KQ060453",1994,1,2,"B","gen2"
"KQ060453a",1965,2,3,"M","gen1"
"KQ060453b",1967,2,3,"M","gen1"
"KQ060453c",1992,1,1,"B","gen1"
"KQ060454",1994,1,1,"B","gen2"
"KQ060454a",1963,1,2,"B","gen1"
"KQ060454b",1969,1,2,"B","gen1"
"KQ060455",1992,1,2,"B","gen2"
"KQ060455a",1964,1,1,"B","gen1"
"KQ060455b",1964,1,2,"B","gen1"
"KQ060455c",1991,1,1,"B","gen1"
"KQ060456",1994,1,1,"B","gen2"
"KQ060456a",1970,1,3,"M","gen1"
"KQ060456b",1971,1,3,"M","gen1"
"KQ060457",1994,1,2,"B","gen2"
"KQ060457a",1930,1,3,"M","gen1"
"KQ060457b",1943,1,3,"M","gen1"
"KQ060457c",1972,1,2,"B","gen1"
"KQ060457d",1970,1,2,"B","gen1"
"KQ060460",1995,1,2,"B","gen2"
"KQ060460a",1970,1,2,"B","gen1"
"KQ060460b",1970,1,2,"B","gen1"
"KQ060461",1994,1,2,"B","gen2"
"KQ060461a",1973,1,2,"B","gen1"
"KQ060462",1995,1,1,"B","gen2"
"KQ060462a",1972,1,3,"M","gen1"
"KQ060463",1995,1,1,"B","gen2"
"KQ060463a",1972,1,3,"M","gen1"
"KQ060463b",1970,1,2,"B","gen1"
"KQ060464",1995,1,1,"B","gen2"
"KQ060464a",1973,1,1,"B","gen1"
"KQ060464b",1972,1,2,"B","gen1"
"KQ060465",1995,1,1,"B","gen2"
"KQ060465a",1966,1,3,"M","gen1"
"KQ060465b",1966,1,3,"M","gen1"
"KQ060466",1995,1,1,"B","gen2"
"KQ060466a",1973,1,1,"B","gen1"
"KQ060466b",1972,1,2,"B","gen1"
"KQ060467",1996,1,1,"B","gen2"
"KQ060467a",1967,1,1,"B","gen1"
"KQ060467b",1968,1,2,"B","gen1"
"KQ060467c",1992,1,1,"B","gen1"
"KQ060468",1995,1,2,"B","gen2"
"KQ060468a",1966,1,2,"B","gen1"
"KQ060468b",1970,1,2,"B","gen1"
"KQ060468c",1986,1,1,"B","gen1"
"KQ060468d",1989,1,1,"B","gen1"
"KQ060469",1996,1,1,"B","gen2"
"KQ060469a",1969,1,1,"B","gen1"
"KQ060469b",1968,1,1,"B","gen1"
"KQ060470",1994,2,1,"B","gen2"
"KQ060470a",1969,1,1,"B","gen1"
"KQ060470b",1968,1,1,"B","gen1"
"KQ060471",1994,1,1,"B","gen2"
"KQ060471a",1968,1,2,"B","gen1"
"KQ060471b",1966,1,2,"B","gen1"
"KQ060471c",1993,1,1,"B","gen1"
"KQ060472a",1968,1,2,"B","gen1"
"KQ060472b",1967,1,2,"B","gen1"
"KQ060473",1994,1,2,"B","gen2"
"KQ060473a",1969,1,2,"B","gen1"
"KQ060473b",1969,1,2,"B","gen1"
"KQ060474",1993,1,2,"B","gen2"
"KQ060474a",1969,1,2,"B","gen1"
"KQ060474b",1968,1,2,"B","gen1"
"KQ060475",1993,1,2,"B","gen2"
"KQ060475a",1967,1,2,"B","gen1"
"KQ060475b",1970,2,2,"B","gen1"
"KQ060476a",1968,1,5,"M","gen1"
"KQ060476b",1968,2,2,"B","gen1"
"KQ060477",1995,1,1,"B","gen2"
"KQ060477c",1972,3,1,"C","gen1"
"KQ060477d",1969,4,1,"C","gen1"
"KQ060491",1994,4,1,"C","gen2"
"KQ060491a",1971,3,1,"C","gen1"
"KQ060491b",1967,4,1,"C","gen1"
"KQ060492",1995,3,1,"C","gen2"
"KQ060492a",1974,1,1,"B","gen1"
"KQ060492b",1974,2,1,"B","gen1"
"KQ060501",1987,3,1,"C","gen2"
"KQ060501a",1961,1,2,"B","gen1"
"KQ060501b",1967,1,2,"B","gen1"
"KQ060501c",1947,1,4,"M","gen1"
"KQ060501d",1944,1,3,"M","gen1"
"KQ060502",1988,3,1,"C","gen2"
"KQ060502a",1961,1,1,"B","gen1"
"KQ060502b",1963,1,1,"B","gen1"
"KQ060502c",1941,1,3,"M","gen1"
"KQ060503",1987,3,1,"C","gen2"
"KQ060503a",1965,1,1,"B","gen1"
"KQ060503b",1965,1,2,"B","gen1"
"KQ060503c",1945,1,1,"B","gen1"
"KQ060503d",1948,1,2,"B","gen1"
"KQ060504",1988,1,1,"B","gen2"
"KQ060504a",1959,1,1,"B","gen1"
"KQ060504b",1957,3,1,"C","gen1"
"KQ060504c",1943,1,3,"M","gen1"
"KQ060504d",1946,1,2,"B","gen1"
"KQ060505",1987,3,1,"C","gen2"
"KQ060505a",1959,1,1,"B","gen1"
"KQ060505b",1963,2,1,"B","gen1"
"KQ060505c",1928,2,1,"B","gen1"
"KQ060506",1990,4,1,"C","gen2"
"KQ060507",1987,4,1,"C","gen2"
"KQ060507a",1962,4,1,"C","gen1"
"KQ060507b",1954,4,1,"C","gen1"
"KQ060507c",1938,2,2,"B","gen1"
"KQ060507d",1939,1,1,"B","gen1"
"KQ060512",1975,3,1,"C","gen2"
"KQ060512a",1944,4,1,"C","gen1"
"KQ060512b",1948,3,1,"C","gen1"
"KQ060512c",1950,4,1,"C","gen1"
"KQ060512d",1952,4,1,"C","gen1"
"KQ060513",1981,4,1,"C","gen2"
"KQ060513a",1957,4,1,"C","gen1"
"KQ060513b",1955,4,1,"C","gen1"
"KQ060513c",1952,4,1,"C","gen1"
"KQ060513d",1954,4,1,"C","gen1"
"KQ060545",1980,3,1,"C","gen2"
"KQ060545a",1954,1,1,"B","gen1"
"KQ060545b",1956,4,1,"C","gen1"
"KQ060846",1993,3,1,"C","gen2"
"KQ060846a",1968,1,2,"B","gen1"
"KQ060846b",1968,1,1,"B","gen1"
"KQ060921",1958,4,1,"C","gen2"
"KQ060921a",1937,1,2,"B","gen1"
"KQ060921b",1939,1,2,"B","gen1"
"KQ060921c",1947,1,3,"M","gen1"
"KQ060922",1960,3,1,"C","gen2"
"KQ060951",1986,4,1,"C","gen2"
"KQ060951a",1956,1,1,"B","gen1"
"KQ060951b",1958,4,1,"C","gen1"
"KQ061014",1988,4,1,"C","gen2"
"KQ061014a",1963,1,2,"B","gen1"
"KQ061014b",1963,1,1,"B","gen1"
"KQ061014c",1940,1,2,"B","gen1"
"KQ061014d",1937,1,4,"M","gen1"
"KQ061241",1985,3,1,"C","gen2"
"KQ061241a",1958,4,1,"C","gen1"
"KQ061241b",1960,4,1,"C","gen1"
"KQ061401",1993,1,1,"B","gen2"
"KQ061401a",1941,1,1,"B","gen1"
"KQ061401b",1940,1,2,"B","gen1"
"KQ061401c",1969,1,1,"B","gen1"
"KQ061401d",1969,1,3,"M","gen1"
"KQ061519",1988,4,1,"C","gen2"
"KQ061519a",1963,1,2,"B","gen1"
"KQ061519b",1963,1,1,"B","gen1"
"KQ061520",1996,2,1,"B","gen2"
"KQ061520a",1970,1,2,"B","gen1"
"KQ061520b",1971,1,2,"B","gen1"
"KQ061520c",1948,1,4,"M","gen1"
"KQ061520d",1944,1,2,"B","gen1"
"KQ061547",1998,1,1,"B","gen2"
"KQ061547a",1975,1,1,"B","gen1"
"KQ061547b",1974,1,1,"B","gen1"
"KQ061623",1986,3,1,"C","gen2"
"KQ061623a",1954,1,1,"B","gen1"
"KQ061623b",1956,1,1,"B","gen1"
"KQ061623c",1931,1,1,"B","gen1"
"KQ061748",1992,1,1,"B","gen2"
"KQ061748a",1966,1,2,"B","gen1"
"KQ061748b",1964,4,1,"C","gen1"
"KQ062049",1986,3,1,"C","gen2"
"KQ062049a",1970,1,1,"B","gen1"
"KQ062049b",1969,3,1,"C","gen1"
"KQ062163",1967,4,1,"C","gen2"
"KQ062163a",1940,4,1,"C","gen1"
"KQ062163b",1937,1,2,"B","gen1"
"KQ062164",1968,4,1,"C","gen2"
"KQ062164a",1943,1,2,"B","gen1"
"KQ062164b",1943,1,2,"B","gen1"
"KQ062165",1989,3,1,"C","gen2"
"KQ062165a",1964,1,1,"B","gen1"
"KQ062165b",1963,1,1,"B","gen1"
"KQ062166",1988,4,1,"C","gen2"
"KQ062166b",1962,1,1,"B","gen1"
"KQ062166c",1940,1,1,"B","gen1"
"KQ062167",1967,3,1,"C","gen2"
"KQ062167a",1930,1,2,"B","gen1"
"KQ062167b",1930,1,2,"B","gen1"
"KQ062168",1960,3,1,"C","gen2"
"KQ062168a",1930,1,2,"B","gen1"
"KQ062168b",1929,1,2,"B","gen1"
"KQ062169",1970,3,1,"C","gen2"
"KQ062169a",1945,1,2,"B","gen1"
"KQ062169b",1943,1,2,"B","gen1"
"KQ062170",1969,1,1,"B","gen2"
"KQ062170a",1948,1,2,"B","gen1"
"KQ062170b",1947,1,2,"B","gen1"
"KQ062171",1970,1,1,"B","gen2"
"KQ062171a",1950,1,2,"B","gen1"
"KQ062171b",1949,1,2,"B","gen1"
"KQ062172",1967,4,1,"C","gen2"
"KQ062172a",1945,4,1,"C","gen1"
"KQ062172b",1943,4,1,"C","gen1"
"KQ062173",1968,4,1,"C","gen2"
"KQ062173a",1947,4,1,"C","gen1"
"KQ062173b",1945,4,1,"C","gen1"
"KQ062174",1970,4,1,"C","gen2"
"KQ062175",1989,4,1,"C","gen2"
"KQ062175a",1968,4,1,"C","gen1"
"KQ062175c",1941,1,1,"B","gen1"
"KQ062175d",1939,1,2,"B","gen1"
"KQ062176",1987,3,1,"C","gen2"
"KQ062176a",1962,1,2,"B","gen1"
"KQ062176b",1962,1,2,"B","gen1"
"KQ062177",1964,4,1,"C","gen2"
"KQ062177a",1941,1,1,"B","gen1"
"KQ062177b",1939,1,2,"B","gen1"
"KQ062178",1959,4,1,"C","gen2"
"KQ062178a",1929,4,1,"C","gen1"
"KQ062178b",1927,1,1,"B","gen1"
"KQ062179",1961,4,1,"C","gen2"
"KQ062179a",1929,4,1,"C","gen1"
"KQ062179b",1927,1,1,"B","gen1"
"KQ062180",1966,4,1,"C","gen2"
"KQ062180a",1940,4,1,"C","gen1"
"KQ062180b",1939,1,1,"B","gen1"
"KQ062181",1968,4,1,"C","gen2"
"KQ062181a",1945,1,2,"B","gen1"
"KQ062181b",1947,1,2,"B","gen1"
"KQ062182",1997,5,1,"C","gen2"
"KQ062182a",1961,1,1,"B","gen1"
"KQ062182b",1963,4,1,"C","gen1"
"KQ062183",1997,3,1,"C","gen2"
"KQ062183a",1972,4,1,"C","gen1"
"KQ062183b",1972,3,1,"C","gen1"
"KQ062184",1995,3,1,"C","gen2"
"KQ062184a",1943,2,1,"B","gen1"
"KQ062184b",1968,2,1,"B","gen1"
"KQ062185a",1973,3,1,"C","gen1"
"KQ062185b",1972,3,1,"C","gen1"
"KQ062187",1995,3,1,"C","gen2"
"KQ062187a",1972,4,1,"C","gen1"
"KQ062188",1994,3,1,"C","gen2"
"KQ062188a",1971,3,1,"C","gen1"
"KQ062188b",1973,3,1,"C","gen1"
"KQ062189",1996,2,1,"B","gen2"
"KQ062189a",1976,1,1,"B","gen1"
"KQ062189b",1976,1,1,"B","gen1"
"KQ062189c",1958,1,1,"B","gen1"
"KQ062190",1994,2,1,"B","gen2"
"KQ062190a",1970,4,1,"C","gen1"
"KQ062190b",1969,1,1,"B","gen1"
"KQ062191",1968,4,1,"C","gen2"
"KQ062191a",1940,1,2,"B","gen1"
"KQ062191b",1938,1,2,"B","gen1"
"KQ062192",1997,4,1,"C","gen2"
"KQ062192a",1970,1,5,"M","gen1"
"KQ062192b",1970,3,1,"C","gen1"
"KQ062350",1990,1,1,"B","gen2"
"KQ062350a",1963,1,1,"B","gen1"
"KQ062350b",1965,1,1,"B","gen1"
"KQ062701",1995,4,1,"C","gen2"
"KQ062701a",1970,1,1,"B","gen1"
"KQ062701b",1971,4,1,"C","gen1"
"KQ062702",1995,3,1,"C","gen2"
"KQ062702a",1970,3,1,"C","gen1"
"KQ062702b",1967,1,1,"B","gen1"
"KQ062749",1995,3,1,"C","gen2"
"KQ062749a",1970,4,1,"C","gen1"
"KQ062749b",1967,4,1,"C","gen1"
"KQ062749c",1944,2,1,"B","gen1"
"KQ062762",1995,3,1,"C","gen2"
"KQ062762a",1926,1,3,"M","gen1"
"KQ062762b",1936,1,3,"M","gen1"
"KQ062762c",1972,1,2,"B","gen1"
"KQ062762d",1974,1,1,"B","gen1"
"KQ062793",1994,3,1,"C","gen2"
"KQ062793a",1971,3,1,"C","gen1"
"KQ062793b",1972,1,1,"B","gen1"
"KQ062794",1995,2,1,"B","gen2"
"KQ062794a",1971,4,1,"C","gen1"
"KQ062794b",1968,3,1,"C","gen1"
"KQ062795",1994,3,1,"C","gen2"
"KQ062795a",1938,1,1,"B","gen1"
"KQ062795b",1971,3,1,"C","gen1"
"KQ062795c",1971,4,1,"C","gen1"
"KQ062796",1993,4,1,"C","gen2"
"KQ062796a",1946,4,1,"C","gen1"
"KQ062796b",1951,4,1,"C","gen1"
"KQ062796c",1971,4,1,"C","gen1"
"KQ062796d",1970,4,1,"C","gen1"
"KQ062797",1996,2,1,"B","gen2"
"KQ062797a",1971,1,1,"B","gen1"
"KQ062797b",1970,1,2,"B","gen1"
"KQ062797c",1940,1,2,"B","gen1"
"KQ062797d",1941,1,2,"B","gen1"
"KQ062841",1995,4,1,"C","gen2"
"KQ062841a",1968,3,1,"C","gen1"
"KQ062841b",1971,2,1,"B","gen1"
"KQ062841c",1946,1,1,"B","gen1"
"KQ062943",1989,4,1,"C","gen2"
"KQ062943a",1962,4,1,"C","gen1"
"KQ062943b",1964,4,1,"C","gen1"
"KQ063042",1988,4,1,"C","gen2"
"KQ063042a",1960,1,2,"B","gen1"
"KQ063042b",1963,4,1,"C","gen1"
"KQ100722",1956,2,1,"B","gen2"
"KQ100722a",1920,4,1,"C","gen1"
"KQ100722b",1918,4,1,"C","gen1"
"KQ101023",1986,4,1,"C","gen2"
"KQ101023a",1941,4,1,"C","gen1"
"KQ101023b",1941,4,1,"C","gen1"
"KQ101023c",1961,4,1,"C","gen1"
"KQ101023d",1961,4,1,"C","gen1"
"KQ102131",1968,1,2,"B","gen2"
"KQ102131a",1947,1,2,"B","gen1"
"KQ102131b",1948,1,4,"M","gen1"
"KQ102131c",1967,1,2,"B","gen1"
"KQ102132",1968,1,2,"B","gen2"
"KQ102132a",1930,1,3,"M","gen1"
"KQ102132b",1934,1,4,"M","gen1"
"KQ102132c",1954,1,2,"B","gen1"
"KQ102132d",1952,1,4,"M","gen1"
"KQ102133",2000,1,1,"B","gen2"
"KQ102133a",1968,1,1,"B","gen1"
"KQ102133b",1968,3,1,"C","gen1"
"KQ102133c",1937,1,2,"B","gen1"
"KQ102133d",1937,1,2,"B","gen1"
"KQ102134",1970,1,1,"B","gen2"
"KQ102134a",1933,1,1,"B","gen1"
"KQ102134b",1934,1,1,"B","gen1"
"KQ102134c",1958,1,1,"B","gen1"
"KQ102134d",1968,1,1,"B","gen1"
"KQ110601",1992,1,1,"B","gen2"
"KQ110601a",1921,1,1,"B","gen1"
"KQ110601b",1931,1,1,"B","gen1"
"KQ110601c",1963,1,1,"B","gen1"
"KQ110601d",1964,3,1,"C","gen1"
"KQ110602",1983,1,2,"B","gen2"
"KQ110602a",1954,1,1,"B","gen1"
"KQ110602b",1954,1,1,"B","gen1"
"KQ110602c",1930,1,2,"B","gen1"
"KQ110602d",1932,1,2,"B","gen1"
"KQ110603",1987,1,1,"B","gen2"
"KQ110603a",1959,1,1,"B","gen1"
"KQ110603b",1960,1,2,"B","gen1"
"KQ110603c",1984,1,1,"B","gen1"
"KQ110603d",1930,1,1,"B","gen1"
"KQ110604",1985,1,1,"B","gen2"
"KQ110604a",1951,1,1,"B","gen1"
"KQ110604b",1951,1,1,"B","gen1"
"KQ110605",1991,1,1,"B","gen2"
"KQ110605a",1961,1,1,"B","gen1"
"KQ110605b",1961,1,1,"B","gen1"
"KQ110606",1990,1,1,"B","gen2"
"KQ110606a",1941,1,1,"B","gen1"
"KQ110606b",1941,1,1,"B","gen1"
"KQ110606c",1961,1,1,"B","gen1"
"KQ110606d",1961,1,1,"B","gen1"
"KQ111021",1974,1,1,"B","gen2"
"KQ111021a",1947,1,2,"B","gen1"
"KQ111021b",1947,1,3,"M","gen1"
"KQ111021c",1911,1,4,"M","gen1"
"KQ111021d",1929,1,4,"M","gen1"
"KQ111271",1990,1,1,"B","gen2"
"KQ111271a",1938,1,2,"B","gen1"
"KQ111271b",1942,1,4,"M","gen1"
"KQ111271c",1967,1,2,"B","gen1"
"KQ111271d",1966,1,4,"M","gen1"
"KQ111272",1992,1,1,"B","gen2"
"KQ111562",1980,1,1,"B","gen2"
"KQ111562a",1952,1,2,"B","gen1"
"KQ111562b",1952,1,2,"B","gen1"
"KQ111784",1986,3,1,"C","gen2"
"KQ111784a",1929,1,1,"B","gen1"
"KQ111784b",1934,1,1,"B","gen1"
"KQ111784c",1956,4,1,"C","gen1"
"KQ111784d",1956,1,1,"B","gen1"
"KQ111841",1957,3,1,"C","gen2"
"KQ111841a",1891,1,4,"M","gen1"
"KQ111841b",1891,1,4,"M","gen1"
"KQ111841c",1927,1,1,"B","gen1"
"KQ111841d",1933,1,1,"B","gen1"
"KQ111842",1970,1,1,"B","gen2"
"KQ111842a",1940,1,1,"B","gen1"
"KQ111842b",1945,1,1,"B","gen1"
"KQ111843",1991,4,1,"C","gen2"
"KQ111843a",1920,4,1,"C","gen1"
"KQ111843b",1964,2,1,"B","gen1"
"KQ111843c",1960,4,1,"C","gen1"
"KQ111845",1968,3,1,"C","gen2"
"KQ111845a",1930,4,1,"C","gen1"
"KQ111845b",1940,4,1,"C","gen1"
"KQ111845c",1905,3,1,"C","gen1"
"KQ111846",1960,3,1,"C","gen2"
"KQ111846a",1919,4,1,"C","gen1"
"KQ111846b",1921,4,1,"C","gen1"
"KQ111971",1990,1,1,"B","gen2"
"KQ111971a",1962,1,1,"B","gen1"
"KQ111971b",1964,1,2,"B","gen1"
"KQ111971c",1967,1,2,"B","gen1"
"KQ111971d",1968,1,3,"M","gen1"
"KQ111972",1990,1,2,"B","gen2"
"KQ111972a",1965,1,2,"B","gen1"
"KQ111972b",1966,1,2,"B","gen1"
"KQ111972c",1968,1,1,"B","gen1"
"KQ111972d",1969,1,2,"B","gen1"
"KQ111973",1992,1,1,"B","gen2"
"KQ111973a",1968,1,2,"B","gen1"
"KQ111973b",1967,1,1,"B","gen1"
"KQ111973c",1950,1,3,"M","gen1"
"KQ121932",1992,1,1,"B","gen2"
"KQ121932b",1962,1,2,"B","gen1"
"KQ121932c",1938,1,3,"M","gen1"
"KQ121932d",1985,1,1,"B","gen1"
"TL012580",1969,1,1,"B","gen2"
"TL012581",1969,1,2,"B","gen2"
"TL012581a",1939,1,3,"M","gen1"
"TL012581b",1949,1,2,"B","gen1"
"TL012582",1997,2,1,"B","gen2"
"TL012583",1959,1,2,"B","gen2"
"TL012583a",1929,1,1,"B","gen1"
"TL012583b",1939,1,2,"B","gen1"
"TL012840",1999,3,1,"C","gen2"
"TL012840a",1948,1,1,"B","gen1"
"TL012840b",1950,1,2,"B","gen1"
"TL012840c",1971,1,1,"B","gen1"
"TL012840d",1971,1,1,"B","gen1"
"TL012970",1979,1,3,"M","gen2"
"TL012970a",1960,1,4,"M","gen1"
"TL012970b",1956,1,4,"M","gen1"
"TL012971",1978,1,2,"B","gen2"
"TL012971a",1973,1,2,"B","gen1"
"TL012971b",1968,1,2,"B","gen1"
"TL012972",2005,1,3,"M","gen2"
"TL012972a",1978,1,2,"B","gen1"
"TL012972b",1980,1,3,"M","gen1"
"TL012973",1944,1,3,"M","gen2"
"TL012974",1950,1,3,"M","gen2"
"TL012974a",1925,2,1,"B","gen1"
"TL012974b",1925,2,1,"B","gen1"
"TL012975",1973,1,1,"B","gen2"
"TL012975a",1950,1,1,"B","gen1"
"TL012975b",1953,1,3,"M","gen1"
"TL012976",1976,1,2,"B","gen2"
"TL012976a",1955,1,3,"M","gen1"
"TL012976b",1956,1,2,"B","gen1"
"TL012977",2002,1,3,"M","gen2"
"TL012977a",1980,1,3,"M","gen1"
"TL012977b",1978,1,2,"B","gen1"
"TL012977c",1950,1,3,"M","gen1"
"TL013070",1972,1,1,"B","gen2"
"TL013070a",1949,1,2,"B","gen1"
"TL013070b",1951,1,4,"M","gen1"
"TL013071",1972,1,1,"B","gen2"
"TL013071a",1964,1,1,"B","gen1"
"TL013071b",1966,1,2,"B","gen1"
"TL013072",1969,1,1,"B","gen2"
"TL013072a",1944,1,3,"M","gen1"
"TL013072b",1950,1,3,"M","gen1"
"TL013073",1977,1,1,"B","gen2"
"TL013073a",1954,1,3,"M","gen1"
"TL013073b",1954,1,3,"M","gen1"
"TL020170",1955,1,2,"B","gen2"
"TL020170a",1922,1,4,"M","gen1"
"TL020170b",1922,1,4,"M","gen1"
"TL020170c",1951,1,4,"M","gen1"
"TL020370",1985,1,1,"B","gen2"
"TL020370a",1962,1,3,"M","gen1"
"TL020370b",1963,1,3,"M","gen1"
"TL020370c",1943,1,4,"M","gen1"
"TL020371",1975,1,2,"B","gen2"
"TL020371a",1946,1,3,"M","gen1"
"TL020371b",1946,1,4,"M","gen1"
"TL020371c",1974,1,2,"B","gen1"
"TL020371d",1970,1,2,"B","gen1"
"TL020470",1981,1,1,"B","gen2"
"TL020470a",1949,1,2,"B","gen1"
"TL020470b",1950,1,2,"B","gen1"
"TL020470c",1974,1,1,"B","gen1"
"TL020470d",1978,1,1,"B","gen1"
"TL020471",1979,1,2,"B","gen2"
"TL020471a",1956,1,3,"M","gen1"
"TL020471b",1959,1,4,"M","gen1"
"TL020471c",1931,1,4,"M","gen1"
"TL020472",1948,1,3,"M","gen2"
"TL020472a",1894,1,4,"M","gen1"
"TL020472b",1919,1,4,"M","gen1"
"TL020472c",1946,1,3,"M","gen1"
"TL020472d",1944,1,4,"M","gen1"
"TL020570",1943,1,3,"M","gen2"
"TL020570a",1918,1,4,"M","gen1"
"TL020570b",1918,1,4,"M","gen1"
"TL020571",1976,1,1,"B","gen2"
"TL020571a",1947,1,4,"M","gen1"
"TL020571b",1948,1,3,"M","gen1"
"TL020571c",1975,1,2,"B","gen1"
"TL020572",1994,1,1,"B","gen2"
"TL020572a",1970,1,2,"B","gen1"
"TL020572b",1969,1,2,"B","gen1"
"TL020572c",1937,1,2,"B","gen1"
"TL020572d",1945,1,3,"M","gen1"
"TL020573",2003,1,1,"B","gen2"
"TL020573a",1977,1,1,"B","gen1"
"TL020573b",1978,1,1,"B","gen1"
"TL020573c",1944,1,4,"M","gen1"
"TL021030",1968,1,2,"B","gen2"
"TL021030a",1938,1,1,"B","gen1"
"TL021030b",1938,1,1,"B","gen1"
"TL021031",1970,1,1,"B","gen2"
"TL021031a",1938,1,1,"B","gen1"
"TL021031b",1940,1,3,"M","gen1"
"TL021031c",1913,1,1,"B","gen1"
"TL021031d",1913,1,4,"M","gen1"
"TL021032",1971,1,1,"B","gen2"
"TL021032a",1905,1,2,"B","gen1"
"TL021032b",1933,1,1,"B","gen1"
"TL021033",1971,1,1,"B","gen2"
"TL021033a",1937,1,1,"B","gen1"
"TL021033b",1937,1,1,"B","gen1"
"TL021034",1997,1,1,"B","gen2"
"TL021035",1995,1,1,"B","gen2"
"TL021035a",1938,1,1,"B","gen1"
"TL021035b",1940,1,3,"M","gen1"
"TL021036",1989,1,1,"B","gen2"
"TL021036a",1965,1,1,"B","gen1"
"TL021036b",1962,1,4,"M","gen1"
"TL021037",1966,1,1,"B","gen2"
"TL021038",1987,1,1,"B","gen2"
"TL021038a",1956,1,1,"B","gen1"
"TL021038b",1962,1,4,"M","gen1"
"TL021230",1962,1,1,"B","gen2"
"TL021230a",1938,1,4,"M","gen1"
"TL021230b",1938,1,4,"M","gen1"
"TL021231",1967,1,1,"B","gen2"
"TL021231a",1925,1,2,"B","gen1"
"TL021231b",1928,1,2,"B","gen1"
"TL021330",1965,1,2,"B","gen2"
"TL021330a",1938,1,1,"B","gen1"
"TL021330b",1940,1,2,"B","gen1"
"TL021331",1992,1,1,"B","gen2"
"TL021430",1990,1,1,"B","gen2"
"TL021430a",1939,1,2,"B","gen1"
"TL021431",1983,1,1,"B","gen2"
"TL021431a",1959,1,1,"B","gen1"
"TL021431b",1959,1,3,"M","gen1"
"TL021432",1990,1,1,"B","gen2"
"TL021530",1966,1,4,"M","gen2"
"TL021530a",1940,1,1,"B","gen1"
"TL021530b",1946,1,4,"M","gen1"
"TL021531",1973,1,1,"B","gen2"
"TL021730",1997,1,1,"B","gen2"
"TL021730a",1938,1,2,"B","gen1"
"TL021730b",1938,1,2,"B","gen1"
"TL021730d",1969,1,1,"B","gen1"
"TL021731",1966,1,1,"B","gen2"
"TL021731a",1938,1,2,"B","gen1"
"TL021731b",1938,1,2,"B","gen1"
"TL021731c",1941,1,2,"B","gen1"
"TL021732",1963,1,1,"B","gen2"
"TL021732a",1960,1,1,"B","gen1"
"TL021732b",1961,1,4,"M","gen1"
"TL021732c",1936,1,1,"B","gen1"
"TL021732d",1942,1,3,"M","gen1"
"TL022380",1975,1,1,"B","gen2"
"TL022381",1963,1,1,"B","gen2"
"TL022382",1967,2,1,"B","gen2"
"TL022384",1998,2,1,"B","gen2"
"TL022384b",1975,1,1,"B","gen1"
"TL061601",1977,1,1,"B","gen2"
"TL061601a",1950,1,1,"B","gen1"
"TL061601b",1950,1,1,"B","gen1"
"TL061602",1972,1,1,"B","gen2"
"TL061602a",1916,1,2,"B","gen1"
"TL061602b",1947,1,1,"B","gen1"
"TL061602c",1947,1,1,"B","gen1"
"TL061604",1960,1,1,"B","gen2"
"TL061604a",1904,1,3,"M","gen1"
"TL061604b",1915,1,3,"M","gen1"
"TL061605",2003,1,1,"B","gen2"
"TL061605a",1967,1,1,"B","gen1"
"TL061605b",1968,1,1,"B","gen1"
"TL061606",1970,1,1,"B","gen2"
"TL061606a",1936,1,1,"B","gen1"
"TL061606b",1943,1,1,"B","gen1"
"TL061607",1960,1,1,"B","gen2"
"TL061607a",1937,1,2,"B","gen1"
"TL061607b",1938,1,3,"M","gen1"
"TL061608",1974,1,1,"B","gen2"
"TL061608a",1933,1,1,"B","gen1"
"TL061608b",1944,1,1,"B","gen1"
"TL061609",1972,1,1,"B","gen2"
"TL061609a",1932,1,3,"M","gen1"
"TL061609b",1939,1,4,"M","gen1"
"TL061610",1998,1,1,"B","gen2"
"TL061610a",1974,1,1,"B","gen1"
"TL061610b",1972,1,2,"B","gen1"
"TL061611",1997,1,1,"B","gen2"
"TL061611a",1969,1,2,"B","gen1"
"TL061611b",1971,1,2,"B","gen1"
"TL061612",1976,1,1,"B","gen2"
"TL061612a",1948,1,1,"B","gen1"
"TL061612b",1950,1,1,"B","gen1"
"TL061613",1957,1,1,"B","gen2"
"TL061613a",1932,1,1,"B","gen1"
"TL061613b",1933,1,1,"B","gen1"
"TL061614",2003,4,1,"C","gen2"
"TL061614a",1952,4,1,"C","gen1"
"TL061614b",1954,4,1,"C","gen1"
"TL061614c",1977,4,1,"C","gen1"
"TL061614d",1977,4,1,"C","gen1"
"TL061615",1981,1,1,"B","gen2"
"TL061615a",1952,3,1,"C","gen1"
"TL061615b",1952,4,1,"C","gen1"
"TL061616",1960,1,1,"B","gen2"
"TL061616a",1935,1,3,"M","gen1"
"TL061616b",1935,1,3,"M","gen1"
"TL061617",1982,1,1,"B","gen2"
"TL061617a",1958,1,3,"M","gen1"
"TL061618",1964,1,1,"B","gen2"
"TL061618a",1917,1,3,"M","gen1"
"TL061618b",1938,1,1,"B","gen1"
"TL061618c",1938,1,1,"B","gen1"
"TL061619",1962,1,1,"B","gen2"
"TL061619a",1933,1,3,"M","gen1"
"TL061619b",1935,1,4,"M","gen1"
"TL061620",1982,1,1,"B","gen2"
"TL061620a",1961,1,1,"B","gen1"
"TL061620b",1959,1,3,"M","gen1"
"TL061621",1964,1,2,"B","gen2"
"TL061621a",1932,1,4,"M","gen1"
"TL061621b",1928,1,1,"B","gen1"
"TL061622",1968,1,1,"B","gen2"
"TL061622a",1913,1,1,"B","gen1"
"TL061622b",1918,1,1,"B","gen1"
"TL061622c",1947,1,1,"B","gen1"
"TL061622d",1946,1,4,"M","gen1"
"TL061623",1964,1,2,"B","gen2"
"TL061623a",1920,1,4,"M","gen1"
"TL061623b",1935,1,2,"B","gen1"
"TL061623c",1937,1,4,"M","gen1"
"TL061624",1987,1,1,"B","gen2"
"TL061624a",1932,1,4,"M","gen1"
"TL061624b",1959,1,1,"B","gen1"
"TL061624c",1961,1,2,"B","gen1"
"TL061625",1987,1,1,"B","gen2"
"TL061625a",1960,1,2,"B","gen1"
"TL061625b",1960,1,5,"M","gen1"
"TL061626",1985,1,1,"B","gen2"
"TL061626a",1956,1,2,"B","gen1"
"TL061626b",1961,1,1,"B","gen1"
"TL061627",1980,1,1,"B","gen2"
"TL061627a",1949,1,1,"B","gen1"
"TL061627b",1951,1,1,"B","gen1"
"TL061628",1992,1,1,"B","gen2"
"TL061628a",1957,1,1,"B","gen1"
"TL061628b",1955,1,1,"B","gen1"
"TL061629",1967,1,1,"B","gen2"
"TL061629a",1939,1,1,"B","gen1"
"TL061629b",1939,1,3,"M","gen1"
"TL061630",1988,1,1,"B","gen2"
"TL061630a",1955,1,1,"B","gen1"
"TL061630b",1957,1,1,"B","gen1"
"TL061631",1987,1,1,"B","gen2"
"TL061631a",1958,1,1,"B","gen1"
"TL061631b",1957,1,1,"B","gen1"
"TL061632",1950,1,2,"B","gen2"
"TL061632a",1900,1,1,"B","gen1"
"TL061632b",1900,1,4,"M","gen1"
"TL061632c",1931,1,1,"B","gen1"
"TL061632d",1929,1,4,"M","gen1"
"TL061633",1982,1,1,"B","gen2"
"TL061633a",1955,1,1,"B","gen1"
"TL061633b",1957,1,1,"B","gen1"
"TL061634",1973,1,1,"B","gen2"
"TL061634a",1951,1,1,"B","gen1"
"TL061634b",1956,1,1,"B","gen1"
"TL061635",1986,1,1,"B","gen2"
"TL061635a",1960,1,1,"B","gen1"
"TL061635b",1962,1,1,"B","gen1"
"TL061636",1969,1,1,"B","gen2"
"TL061636a",1914,1,4,"M","gen1"
"TL061636b",1924,1,4,"M","gen1"
"TL061636c",1946,1,2,"B","gen1"
"TL061636d",1948,1,3,"M","gen1"
"TL061637",1969,1,1,"B","gen2"
"TL061637a",1941,1,1,"B","gen1"
"TL061637b",1941,1,1,"B","gen1"
"TL061637c",1925,1,1,"B","gen1"
"TL061637d",1912,1,1,"B","gen1"
"TL061638",1973,1,1,"B","gen2"
"TL061638a",1942,1,2,"B","gen1"
"TL061638b",1943,1,2,"B","gen1"
"TL061639",1978,1,1,"B","gen2"
"TL061639a",1954,1,2,"B","gen1"
"TL061639b",1956,1,3,"M","gen1"
"TL061640",1961,1,1,"B","gen2"
"TL061640a",1911,1,4,"M","gen1"
"TL061640b",1915,1,4,"M","gen1"
"TL061641",1966,1,1,"B","gen2"
"TL061641a",1934,1,1,"B","gen1"
"TL061641b",1934,1,1,"B","gen1"
"TL061642",1979,1,1,"B","gen2"
"TL061642a",1945,1,1,"B","gen1"
"TL061642b",1946,1,1,"B","gen1"
"TL061643",1974,1,1,"B","gen2"
"TL061643a",1936,1,1,"B","gen1"
"TL061643b",1940,1,4,"M","gen1"
"TL061644",1976,1,1,"B","gen2"
"TL061644a",1923,1,1,"B","gen1"
"TL061644b",1927,1,2,"B","gen1"
"TL061644c",1950,1,1,"B","gen1"
"TL061644d",1951,1,2,"B","gen1"
"TL061645",1989,1,1,"B","gen2"
"TL061645a",1965,1,2,"B","gen1"
"TL061645b",1964,1,2,"B","gen1"
"TL061646",1963,1,1,"B","gen2"
"TL061646a",1942,1,4,"M","gen1"
"TL061647",1999,2,1,"B","gen2"
"TL061647a",1970,2,2,"B","gen1"
"TL061647b",1971,2,1,"B","gen1"
"TL061648",1970,1,1,"B","gen2"
"TL061648a",1925,1,3,"M","gen1"
"TL061648b",1931,1,3,"M","gen1"
"TL061649",1998,1,1,"B","gen2"
"TL061649a",1969,1,3,"M","gen1"
"TL061649b",1966,2,3,"M","gen1"
"TL061650",1997,1,1,"B","gen2"
"TL061650a",1963,1,2,"B","gen1"
"TL061650b",1965,1,2,"B","gen1"
"TL061650c",1991,1,1,"B","gen1"
"TL061651",1998,1,2,"B","gen2"
"TL061651a",1973,1,2,"B","gen1"
"TL061651b",1972,1,3,"M","gen1"
"TL061651c",1938,1,2,"B","gen1"
"TL061651d",1943,1,3,"M","gen1"
"TL061652",1997,2,2,"B","gen2"
"TL061652a",1974,2,2,"B","gen1"
"TL061652b",1976,2,3,"M","gen1"
"TL061653",1967,1,1,"B","gen2"
"TL061653a",1935,1,1,"B","gen1"
"TL061653b",1939,1,3,"M","gen1"
"TL061653c",1959,1,1,"B","gen1"
"TL061654",1989,1,1,"B","gen2"
"TL061654a",1965,1,1,"B","gen1"
"TL061654b",1965,1,1,"B","gen1"
"TL061655",1966,1,2,"B","gen2"
"TL061655a",1941,1,3,"M","gen1"
"TL061655b",1941,1,4,"M","gen1"
"TL061656",1997,1,1,"B","gen2"
"TL061656a",1974,1,2,"B","gen1"
"TL061656b",1972,1,2,"B","gen1"
"TL061657",1999,1,1,"B","gen2"
"TL061657b",1969,2,3,"M","gen1"
"TL061657c",1995,1,1,"B","gen1"
"TL061658",1998,1,2,"B","gen2"
"TL061658a",1973,1,2,"B","gen1"
"TL061658b",1976,1,1,"B","gen1"
"TL061659",1997,1,2,"B","gen2"
"TL061659a",1973,1,2,"B","gen1"
"TL061659b",1971,1,2,"B","gen1"
"TL061660",1978,1,1,"B","gen2"
"TL061660a",1944,1,1,"B","gen1"
"TL061660b",1946,1,3,"M","gen1"
"TL061661",1998,2,2,"B","gen2"
"TL061661a",1972,2,2,"B","gen1"
"TL061661b",1975,2,2,"B","gen1"
"TL061662",1999,1,1,"B","gen2"
"TL061662a",1974,1,1,"B","gen1"
"TL061662b",1976,1,2,"B","gen1"
"TL061663",1999,2,1,"B","gen2"
"TL061663a",1943,1,1,"B","gen1"
"TL061663b",1947,2,1,"B","gen1"
"TL061663c",1969,1,1,"B","gen1"
"TL061663d",1972,2,2,"B","gen1"
"TL061664",1998,2,1,"B","gen2"
"TL061664a",1994,1,1,"B","gen1"
"TL061664b",1973,1,2,"B","gen1"
"TL061665",1998,1,1,"B","gen2"
"TL061665a",1968,2,2,"B","gen1"
"TL061665b",1967,2,2,"B","gen1"
"TL061666",1998,2,2,"B","gen2"
"TL061666a",1970,2,2,"B","gen1"
"TL061666b",1969,1,3,"M","gen1"
"TL061668",1998,1,1,"B","gen2"
"TL061668a",1970,1,2,"B","gen1"
"TL061668b",1969,1,2,"B","gen1"
"TL061668c",1992,1,1,"B","gen1"
"TL061669",1998,1,1,"B","gen2"
"TL061669a",1972,2,2,"B","gen1"
"TL061669b",1969,2,2,"B","gen1"
"TL061669c",1995,1,1,"B","gen1"
"TL061670",1998,1,1,"B","gen2"
"TL061670b",1971,1,2,"B","gen1"
"TL061670c",1938,3,1,"C","gen1"
"TL061670d",1932,3,1,"C","gen1"
"TL061671",1999,1,2,"B","gen2"
"TL061671a",1949,1,2,"B","gen1"
"TL061671b",1970,1,2,"B","gen1"
"TL061671c",1969,1,2,"B","gen1"
"TL061672",1997,1,2,"B","gen2"
"TL061672a",1973,1,2,"B","gen1"
"TL061672b",1972,1,1,"B","gen1"
"TL061672c",1997,1,5,"M","gen1"
"TL061673",1998,1,2,"B","gen2"
"TL061673a",1971,1,3,"M","gen1"
"TL061673b",1975,1,2,"B","gen1"
"TL061673c",1941,1,3,"M","gen1"
"TL061674",1998,1,1,"B","gen2"
"TL061674a",1971,1,3,"M","gen1"
"TL061674b",1969,1,2,"B","gen1"
"TL061674c",1994,1,1,"B","gen1"
"TL061675",1998,2,2,"B","gen2"
"TL061675a",1974,1,2,"B","gen1"
"TL061675b",1974,1,2,"B","gen1"
"TL062101",1965,1,1,"B","gen2"
"TL062101a",1912,1,1,"B","gen1"
"TL062101b",1912,1,2,"B","gen1"
"TL062101c",1937,1,1,"B","gen1"
"TL062101d",1941,1,1,"B","gen1"
"TL062102",1977,1,1,"B","gen2"
"TL062102a",1925,1,3,"M","gen1"
"TL062102b",1919,1,2,"B","gen1"
"TL062102c",1951,1,1,"B","gen1"
"TL062102d",1949,1,1,"B","gen1"
"TL062103",1968,2,1,"B","gen2"
"TL062103b",1918,1,1,"B","gen1"
"TL062104",1985,1,1,"B","gen2"
"TL062104a",1948,1,1,"B","gen1"
"TL062104b",1946,1,1,"B","gen1"
"TL062105",1992,1,1,"B","gen2"
"TL062105a",1937,1,1,"B","gen1"
"TL062105b",1940,1,1,"B","gen1"
"TL062105c",1967,1,1,"B","gen1"
"TL062105d",1968,1,1,"B","gen1"
"TL062106",1987,3,1,"C","gen2"
"TL062106a",1957,4,1,"C","gen1"
"TL062106b",1957,2,1,"B","gen1"
"TL062107",1985,1,1,"B","gen2"
"TL062107a",1960,1,2,"B","gen1"
"TL062107b",1960,1,3,"M","gen1"
"TL062108",1982,3,1,"C","gen2"
"TL062108a",1956,3,1,"C","gen1"
"TL062108b",1956,1,1,"B","gen1"
"TL062109",1978,4,1,"C","gen2"
"TL062109a",1942,1,1,"B","gen1"
"TL062109b",1946,4,1,"C","gen1"
"TL062110",1968,1,1,"B","gen2"
"TL062110a",1903,1,1,"B","gen1"
"TL062110b",1938,1,1,"B","gen1"
"TL062110c",1946,1,1,"B","gen1"
"TL062111",1971,3,1,"C","gen2"
"TL062111a",1931,4,1,"C","gen1"
"TL062111b",1931,3,1,"C","gen1"
"TL062112",1982,3,1,"C","gen2"
"TL062112a",1940,4,1,"C","gen1"
"TL062112b",1937,4,1,"C","gen1"
"TL062112c",1960,4,1,"C","gen1"
"TL062112d",1959,4,1,"C","gen1"
"TL062113",2001,1,1,"B","gen2"
"TL062113a",1980,1,3,"M","gen1"
"TL062113b",1976,1,4,"M","gen1"
"TL062113c",1952,1,4,"M","gen1"
"TL062113d",1955,1,4,"M","gen1"
"TL062114",2002,2,1,"B","gen2"
"TL062114a",1977,1,2,"B","gen1"
"TL062114b",1980,1,1,"B","gen1"
"TL062114c",1977,1,1,"B","gen1"
"TL062114d",1974,3,1,"C","gen1"
"TL062115",2001,2,1,"B","gen2"
"TL062115a",1973,1,2,"B","gen1"
"TL062115b",1974,1,2,"B","gen1"
"TL062115c",1943,1,3,"M","gen1"
"TL062115d",1945,1,3,"M","gen1"
"TL062116",2002,2,1,"B","gen2"
"TL062116a",1970,1,2,"B","gen1"
"TL062116b",1975,1,2,"B","gen1"
"TL062116c",1940,1,1,"B","gen1"
"TL062117",1978,3,1,"C","gen2"
"TL062117a",1940,1,2,"B","gen1"
"TL062117b",1943,1,2,"B","gen1"
"TL062118",2001,1,1,"B","gen2"
"TL062118a",1979,1,1,"B","gen1"
"TL062118b",1978,1,1,"B","gen1"
"TL062118c",1950,1,2,"B","gen1"
"TL062118d",1951,1,4,"M","gen1"
"TL062119",2002,1,1,"B","gen2"
"TL062119a",1976,1,2,"B","gen1"
"TL062119b",1977,1,2,"B","gen1"
"TL062119c",1985,1,2,"B","gen1"
"TL062119d",1982,1,2,"B","gen1"
"TL062120",2001,1,1,"B","gen2"
"TL062120a",1974,1,3,"M","gen1"
"TL062120b",1974,1,3,"M","gen1"
"TL062120c",1974,1,2,"B","gen1"
"TL062120d",1974,1,2,"B","gen1"
"TL062121",1966,1,1,"B","gen2"
"TL062121a",1939,1,1,"B","gen1"
"TL062121b",1939,1,1,"B","gen1"
"TL062122",2002,3,1,"C","gen2"
"TL062122a",1949,1,2,"B","gen1"
"TL062122b",1951,4,1,"C","gen1"
"TL062122c",1932,1,3,"M","gen1"
"TL062122d",1991,1,1,"B","gen1"
"TL062123",2002,3,1,"C","gen2"
"TL062123a",1974,1,2,"B","gen1"
"TL062123b",1973,1,1,"B","gen1"
"TL062123c",1937,1,2,"B","gen1"
"TL062123d",1946,1,1,"B","gen1"
"TL062124",2001,2,1,"B","gen2"
"TL062124a",1971,1,3,"M","gen1"
"TL062124b",1973,1,3,"M","gen1"
"TL062124c",1939,1,4,"M","gen1"
"TL062124d",1943,1,4,"M","gen1"
"TL062125",2001,3,1,"C","gen2"
"TL062125a",1967,1,2,"B","gen1"
"TL062125b",1969,1,2,"B","gen1"
"TL062126",2001,1,1,"B","gen2"
"TL062126a",1974,1,2,"B","gen1"
"TL062126b",1976,2,2,"B","gen1"
"TL062126c",1955,1,1,"B","gen1"
"TL062126d",1967,1,2,"B","gen1"
"TL062127",2001,2,1,"B","gen2"
"TL062127a",1972,1,1,"B","gen1"
"TL062127b",1973,1,1,"B","gen1"
"TL062127c",1947,1,4,"M","gen1"
"TL062127d",1947,1,2,"B","gen1"
"TL062128",2002,2,1,"B","gen2"
"TL062128a",1978,1,2,"B","gen1"
"TL062128b",1978,1,2,"B","gen1"
"TL062128c",1945,1,2,"B","gen1"
"TL062128d",1945,1,3,"M","gen1"
"TL062129",2001,2,1,"B","gen2"
"TL062129a",1982,1,3,"M","gen1"
"TL062129b",1977,1,3,"M","gen1"
"TL062129c",1944,1,4,"M","gen1"
"TL062129d",1944,1,4,"M","gen1"
"TL062130",2001,2,1,"B","gen2"
"TL062130a",1980,1,3,"M","gen1"
"TL062130b",1980,1,3,"M","gen1"
"TL062130c",1982,1,2,"B","gen1"
"TL062130d",1955,1,3,"M","gen1"
"TL062131",2001,2,1,"B","gen2"
"TL062131a",1976,1,1,"B","gen1"
"TL062131b",1976,1,1,"B","gen1"
"TL062131c",1953,1,2,"B","gen1"
"TL062132",2001,2,1,"B","gen2"
"TL062132a",1940,1,2,"B","gen1"
"TL062132b",1944,1,2,"B","gen1"
"TL062132c",1975,1,1,"B","gen1"
"TL062132d",1978,1,2,"B","gen1"
"TL062133",1965,1,1,"B","gen2"
"TL062133a",1938,1,2,"B","gen1"
"TL062133b",1938,1,1,"B","gen1"
"TL062133c",1915,1,1,"B","gen1"
"TL062134",2002,1,1,"B","gen2"
"TL062134a",1975,1,1,"B","gen1"
"TL062134b",1978,1,2,"B","gen1"
"TL062134c",1952,1,2,"B","gen1"
"TL062134d",1952,1,2,"B","gen1"
"TL062135",1979,3,1,"C","gen2"
"TL062135a",1965,1,1,"B","gen1"
"TL062135b",1966,4,1,"C","gen1"
"TL062136",2001,1,1,"B","gen2"
"TL062136a",1973,1,1,"B","gen1"
"TL062136b",1981,1,1,"B","gen1"
"TL062136c",1950,1,2,"B","gen1"
"TL062136d",1950,1,1,"B","gen1"
"TL062137",1977,4,1,"C","gen2"
"TL062137a",1922,3,1,"C","gen1"
"TL062137b",1949,4,1,"C","gen1"
"TL062137c",1950,4,1,"C","gen1"
"TL062138",2001,2,1,"B","gen2"
"TL062138a",1975,1,2,"B","gen1"
"TL062138b",1974,1,2,"B","gen1"
"TL062138c",1953,1,3,"M","gen1"
"TL062138d",1950,1,3,"M","gen1"
"TL062139",1993,4,1,"C","gen2"
"TL062139a",1970,4,1,"C","gen1"
"TL062140",1991,3,1,"C","gen2"
"TL062140a",1947,1,1,"B","gen1"
"TL062140b",1945,4,1,"C","gen1"
"TL062140c",1966,4,1,"C","gen1"
"TL062140d",1968,3,1,"C","gen1"
"TL062141",2001,2,1,"B","gen2"
"TL062141a",1980,1,1,"B","gen1"
"TL062141b",1976,3,1,"C","gen1"
"TL062141c",1947,1,2,"B","gen1"
"TL062141d",1948,1,2,"B","gen1"
"TL062142",2000,1,1,"B","gen2"
"TL062142a",1978,1,2,"B","gen1"
"TL062142b",1981,1,2,"B","gen1"
"TL062142c",1953,1,3,"M","gen1"
"TL062142d",1980,1,2,"B","gen1"
"TL062143",2001,2,1,"B","gen2"
"TL062143a",1968,1,2,"B","gen1"
"TL062143b",1977,1,2,"B","gen1"
"TL062143c",1947,1,2,"B","gen1"
"TL062143d",1979,1,2,"B","gen1"
"TL062144",2001,2,1,"B","gen2"
"TL062144a",1978,1,5,"M","gen1"
"TL062144b",1979,1,2,"B","gen1"
"TL062144c",1953,1,3,"M","gen1"
"TL062144d",1951,1,4,"M","gen1"
"TL062145",2002,2,1,"B","gen2"
"TL062145a",1976,1,1,"B","gen1"
"TL062145b",1944,1,3,"M","gen1"
"TL062145c",1993,1,2,"B","gen1"
"TL062145d",1992,2,2,"B","gen1"
"TL062146",2002,1,1,"B","gen2"
"TL062146a",1975,1,2,"B","gen1"
"TL062146b",1978,1,3,"M","gen1"
"TL062146c",1955,1,1,"B","gen1"
"TL062147",2002,2,1,"B","gen2"
"TL062147a",1976,1,1,"B","gen1"
"TL062147b",1979,1,1,"B","gen1"
"TL062147c",1950,1,1,"B","gen1"
"TL062147d",1950,1,1,"B","gen1"
"TL062148",2001,2,1,"B","gen2"
"TL062148a",1971,1,1,"B","gen1"
"TL062148b",1973,1,1,"B","gen1"
"TL062148c",1943,1,2,"B","gen1"
"TL062148d",1941,1,1,"B","gen1"
"TL062150",1998,1,1,"B","gen2"
"TL062150a",1974,1,1,"B","gen1"
"TL062150b",1976,1,2,"B","gen1"
"TL062151",2000,1,1,"B","gen2"
"TL062151a",1951,1,1,"B","gen1"
"TL062151b",1951,1,3,"M","gen1"
"TL062151c",1971,1,1,"B","gen1"
"TL062151d",1971,1,2,"B","gen1"
"TL062152",1998,1,1,"B","gen2"
"TL062152a",1975,1,1,"B","gen1"
"TL062152b",1972,1,1,"B","gen1"
"TL062153",1996,1,1,"B","gen2"
"TL062153a",1968,2,1,"B","gen1"
"TL062153b",1965,2,1,"B","gen1"
"TL062154",1996,1,1,"B","gen2"
"TL062154a",1973,1,4,"M","gen1"
"TL062154b",1973,1,4,"M","gen1"
"TL062155",1997,1,2,"B","gen2"
"TL062155a",1967,2,2,"B","gen1"
"TL062155b",1969,2,3,"M","gen1"
"TL062156",1998,1,2,"B","gen2"
"TL062156a",1969,1,2,"B","gen1"
"TL062156b",1968,1,2,"B","gen1"
"TL062157",1998,1,1,"B","gen2"
"TL062157a",1976,1,1,"B","gen1"
"TL062157b",1977,1,2,"B","gen1"
"TL062158",1999,2,1,"B","gen2"
"TL062158a",1975,1,2,"B","gen1"
"TL062158b",1974,1,1,"B","gen1"
"TL062158c",1952,1,2,"B","gen1"
"TL062159",1998,1,2,"B","gen2"
"TL062159a",1971,1,3,"M","gen1"
"TL062159b",1973,1,3,"M","gen1"
"TL062159c",1930,1,3,"M","gen1"
"TL062159d",1942,1,3,"M","gen1"
"TL062160",1999,1,1,"B","gen2"
"TL062160a",1967,2,1,"B","gen1"
"TL062161",1998,3,1,"C","gen2"
"TL062161a",1971,1,1,"B","gen1"
"TL062161b",1976,3,1,"C","gen1"
"TL110628",1954,1,2,"B","gen2"
"TL110628a",1929,2,1,"B","gen1"
"TL110628b",1931,1,4,"M","gen1"
"TL110680",1998,1,1,"B","gen2"
"TL110680a",1971,1,4,"M","gen1"
"TL110680b",1972,1,4,"M","gen1"
"TL110681",1975,1,1,"B","gen2"
"TL110681a",1944,1,2,"B","gen1"
"TL110681b",1946,1,3,"M","gen1"
"TL110681c",1952,1,2,"B","gen1"
"TL110682",1994,1,1,"B","gen2"
"TL110682a",1970,1,2,"B","gen1"
"TL110682b",1970,1,2,"B","gen1"
"TL110683",1946,1,2,"B","gen2"
"TL110683a",1920,1,4,"M","gen1"
"TL110683b",1921,1,4,"M","gen1"
"TL110683c",1944,1,1,"B","gen1"
"TL110684",1947,1,3,"M","gen2"
"TL110684a",1909,1,4,"M","gen1"
"TL110684b",1913,1,4,"M","gen1"
"TL110684c",1933,1,3,"M","gen1"
"TL110684d",1935,1,4,"M","gen1"
"TL110685",1974,1,1,"B","gen2"
"TL110685a",1951,1,2,"B","gen1"
"TL110685b",1952,1,4,"M","gen1"
"TL110686",2007,1,3,"M","gen2"
"TL110686a",1971,1,4,"M","gen1"
"TL110686b",1972,1,3,"M","gen1"
"TL110686c",1998,1,2,"B","gen1"
"TL110687",1971,1,3,"M","gen2"
"TL110687a",1930,1,4,"M","gen1"
"TL110687b",1930,1,4,"M","gen1"
"TL110687c",1956,1,3,"M","gen1"
"TL110687d",1958,1,4,"M","gen1"
"TL110688",1975,1,2,"B","gen2"
"TL110688a",1945,1,4,"M","gen1"
"TL110688b",1965,1,4,"M","gen1"
"TL110688c",1972,1,2,"B","gen1"
"TL110689",1972,1,2,"B","gen2"
"TL110689a",1942,1,2,"B","gen1"
"TL110689b",1948,1,4,"M","gen1"
"TL110689c",1969,1,2,"B","gen1"
"TL110690",1994,1,1,"B","gen2"
"TL110690a",1970,1,3,"M","gen1"
"TL110690b",1971,1,2,"B","gen1"
"TL110691",1975,1,2,"B","gen2"
"TL110691a",1944,1,1,"B","gen1"
"TL110691b",1945,1,4,"M","gen1"
"TL110691c",1968,1,2,"B","gen1"
"TL110691d",1970,1,4,"M","gen1"
"TL110692",1993,1,3,"M","gen2"
"TL110692a",1968,1,3,"M","gen1"
"TL110692b",1969,1,3,"M","gen1"
"TL110692c",1991,1,2,"B","gen1"
"TL110693",1975,1,1,"B","gen2"
"TL110693a",1939,1,1,"B","gen1"
"TL110693b",1939,1,1,"B","gen1"
"TL110693c",1964,1,2,"B","gen1"
"TL110693d",1966,1,1,"B","gen1"
"TL110694",1993,1,2,"B","gen2"
"TL110694a",1968,1,2,"B","gen1"
"TL110694b",1969,1,3,"M","gen1"
"TL110694c",1992,1,1,"B","gen1"
"TL110695",1989,1,1,"B","gen2"
"TL110695a",1967,1,2,"B","gen1"
"TL110695b",1967,1,1,"B","gen1"
"TL110695c",1988,1,2,"B","gen1"
"TL110696",1963,1,2,"B","gen2"
"TL110696a",1938,1,4,"M","gen1"
"TL110696b",1945,1,4,"M","gen1"
"TL110697",1979,1,1,"B","gen2"
"TL110697a",1944,1,2,"B","gen1"
"TL110697b",1949,1,4,"M","gen1"
"TL110697c",1968,1,1,"B","gen1"
"TL110697d",1976,1,1,"B","gen1"
"TL110698",1994,1,1,"B","gen2"
"TL110698a",1969,1,3,"M","gen1"
"TL110699",1972,1,2,"B","gen2"
"TL110699a",1948,1,1,"B","gen1"
"TL110699b",1948,1,2,"B","gen1"
"TL110699c",1968,1,2,"B","gen1"
"WH012110",1961,1,1,"B","gen2"
"WH012110a",1939,1,3,"M","gen1"
"WH012110b",1940,1,4,"M","gen1"
"WH012111",1957,1,1,"B","gen2"
"WH012111a",1915,1,1,"B","gen1"
"WH012111b",1916,1,1,"B","gen1"
"WH012210",1955,1,1,"B","gen2"
"WH012210a",1927,1,3,"M","gen1"
"WH012210b",1934,1,3,"M","gen1"
"WH012211",1957,1,2,"B","gen2"
"WH012211a",1922,1,1,"B","gen1"
"WH012211b",1929,1,1,"B","gen1"
"WH012212",2003,1,1,"B","gen2"
"WH012212a",1982,1,1,"B","gen1"
"WH012212b",1982,1,1,"B","gen1"
"WH012212c",1956,1,2,"B","gen1"
"WH012213",2006,1,1,"B","gen2"
"WH012213a",1983,1,1,"B","gen1"
"WH012213b",1986,1,1,"B","gen1"
"WH012213c",1956,1,2,"B","gen1"
"WH012310",1968,1,1,"B","gen2"
"WH012310a",1945,2,1,"B","gen1"
"WH012310b",1948,1,1,"B","gen1"
"WH012910",1991,1,1,"B","gen2"
"WH012910a",1963,1,2,"B","gen1"
"WH012910b",1964,1,2,"B","gen1"
"WH012911",1992,1,1,"B","gen2"
"WH012911a",1966,1,1,"B","gen1"
"WH012911b",1967,1,1,"B","gen1"
"WH012912",1990,1,1,"B","gen2"
"WH012912a",1964,1,2,"B","gen1"
"WH012912b",1964,2,1,"B","gen1"
"WH020910",1973,1,2,"B","gen2"
"WH020910a",1946,1,1,"B","gen1"
"WH020910b",1950,1,1,"B","gen1"
"WH020911",1972,1,1,"B","gen2"
"WH020911a",1935,1,1,"B","gen1"
"WH020911b",1935,1,2,"B","gen1"
"WH020912",1998,1,1,"B","gen2"
"WH021010",1988,1,1,"B","gen2"
"WH021010a",1953,1,2,"B","gen1"
"WH021010b",1951,1,2,"B","gen1"
"WH021011",1987,1,1,"B","gen2"
"WH021011a",1953,1,1,"B","gen1"
"WH021011b",1954,3,1,"C","gen1"
"WH021012",1989,1,2,"B","gen2"
"WH021013",1995,1,1,"B","gen2"
"WH021013a",1969,1,2,"B","gen1"
"WH021013b",1971,1,2,"B","gen1"
"WH021014",1987,1,1,"B","gen2"
"WH021014a",1954,1,1,"B","gen1"
"WH021014b",1958,1,1,"B","gen1"
"WH021015",1963,2,1,"B","gen2"
"WH021015a",1923,1,1,"B","gen1"
"WH021015b",1927,1,1,"B","gen1"
"WH021016",1977,1,2,"B","gen2"
"WH021016a",1947,1,2,"B","gen1"
"WH021016b",1952,2,2,"B","gen1"
"WH021510",1990,1,2,"B","gen2"
"WH021510a",1962,1,2,"B","gen1"
"WH021510b",1963,1,2,"B","gen1"
"WH021511",1991,2,1,"B","gen2"
"WH021511a",1968,1,1,"B","gen1"
"WH021511b",1965,1,1,"B","gen1"
"WH021512",1991,2,1,"B","gen2"
"WH021512a",1960,1,2,"B","gen1"
"WH021512b",1960,1,2,"B","gen1"
"WH021512c",1987,2,1,"B","gen1"
"WH021513",1991,1,1,"B","gen2"
"WH021513a",1966,1,1,"B","gen1"
"WH021513b",1966,4,1,"C","gen1"
"WH021514",1992,1,1,"B","gen2"
"WH021514a",1964,1,2,"B","gen1"
"WH021514b",1966,1,1,"B","gen1"
"WH021810",1985,1,1,"B","gen2"
"WH021810a",1955,1,1,"B","gen1"
"WH021810b",1955,1,2,"B","gen1"
"WH021811",1986,1,2,"B","gen2"
"WH021811a",1962,1,2,"B","gen1"
"WH021811b",1966,1,3,"M","gen1"
"WH021811c",1940,1,2,"B","gen1"
"WH021811d",1943,1,1,"B","gen1"
"WH022410",1986,3,1,"C","gen2"
"WH022410a",1961,1,2,"B","gen1"
"WH022410b",1960,1,2,"B","gen1"
"WH022710",1990,4,1,"C","gen2"
"WH022710b",1960,1,1,"B","gen1"
"WH022810",1989,1,1,"B","gen2"
"WH022810a",1963,1,2,"B","gen1"
"WH022810b",1965,1,2,"B","gen1"
"WH030210",1990,4,1,"C","gen2"
"WH030210b",1964,1,1,"B","gen1"
"WH030211",1996,4,1,"C","gen2"
"XG102535",1990,1,2,"B","gen2"
"XG102535a",1966,1,4,"M","gen1"
"XG102535b",1970,1,3,"M","gen1"
"XG102535c",1928,1,4,"M","gen1"
"XG102535d",1927,1,4,"M","gen1"
"XG102751",1958,1,1,"B","gen2"
"XG102751a",1902,1,3,"M","gen1"
"XG102751b",1908,1,3,"M","gen1"
"XG102753",1959,1,1,"B","gen2"
"XG102753a",1931,1,1,"B","gen1"
"XG102753b",1936,1,1,"B","gen1"
"YJ021061",1992,1,1,"B","gen2"
"YJ021061a",1938,1,2,"B","gen1"
"YJ021061b",1946,1,2,"B","gen1"
"YJ021362",1979,1,2,"B","gen2"
"YJ021362a",1951,1,2,"B","gen1"
"YJ021362b",1954,1,2,"B","gen1"
"YJ021363",1976,1,1,"B","gen2"
"YJ021363a",1948,1,2,"B","gen1"
"YJ021363b",1951,1,2,"B","gen1"
"YJ021364",1989,1,1,"B","gen2"
"YJ021364a",1963,1,2,"B","gen1"
"YJ021364b",1968,1,2,"B","gen1"
"YJ022365",1991,1,1,"B","gen2"
"YJ022365a",1961,1,1,"B","gen1"
"YJ022365b",1964,1,2,"B","gen1"
"YJ022666",1991,1,1,"B","gen2"
"YJ022666a",1959,1,1,"B","gen1"
"YJ022666b",1965,1,1,"B","gen1"
"YJ022666c",1963,1,1,"B","gen1"
"YJ022861",1965,1,1,"B","gen2"
"YJ022861a",1937,1,2,"B","gen1"
"YJ022861b",1937,1,2,"B","gen1"
"YJ022862",1962,1,2,"B","gen2"
"YJ022862a",1930,1,2,"B","gen1"
"YJ022862b",1936,1,3,"M","gen1"
"YJ022863",1992,2,1,"B","gen2"
"YJ022863a",1965,1,2,"B","gen1"
"YJ022863b",1966,1,1,"B","gen1"
